flow,multiplicity_per_completed_cycle,c12,c13,d,eplus,f17,gamma,h1,he3,he4,n,n13,n14,n15,nu_e,o15,o16,o17,t
c12-p-g-n13,1.0,-1.0,0.0,0.0,0.0,0.0,1.0,-1.0,0.0,0.0,0.0,1.0,0.0,0.0,0.0,0.0,0.0,0.0,0.0
n13-beta-c13,1.0,0.0,1.0,0.0,1.0,0.0,0.0,0.0,0.0,0.0,0.0,-1.0,0.0,0.0,1.0,0.0,0.0,0.0,0.0
c13-a-n-o16,1.0,0.0,-1.0,0.0,0.0,0.0,0.0,0.0,0.0,-1.0,1.0,0.0,0.0,0.0,0.0,0.0,1.0,0.0,0.0
n-p-g-d,1.0,0.0,0.0,1.0,0.0,0.0,1.0,-1.0,0.0,0.0,-1.0,0.0,0.0,0.0,0.0,0.0,0.0,0.0,0.0
o16-p-g-f17,1.0,0.0,0.0,0.0,0.0,1.0,1.0,-1.0,0.0,0.0,0.0,0.0,0.0,0.0,0.0,0.0,-1.0,0.0,0.0
f17-beta-o17,1.0,0.0,0.0,0.0,1.0,-1.0,0.0,0.0,0.0,0.0,0.0,0.0,0.0,0.0,1.0,0.0,0.0,1.0,0.0
o17-p-a-n14,1.0,0.0,0.0,0.0,0.0,0.0,0.0,-1.0,0.0,1.0,0.0,0.0,1.0,0.0,0.0,0.0,0.0,-1.0,0.0
n14-p-g-o15,1.0,0.0,0.0,0.0,0.0,0.0,1.0,-1.0,0.0,0.0,0.0,0.0,-1.0,0.0,0.0,1.0,0.0,0.0,0.0
o15-beta-n15,1.0,0.0,0.0,0.0,1.0,0.0,0.0,0.0,0.0,0.0,0.0,0.0,0.0,1.0,1.0,-1.0,0.0,0.0,0.0
n15-p-a-c12,1.0,1.0,0.0,0.0,0.0,0.0,0.0,-1.0,0.0,1.0,0.0,0.0,0.0,-1.0,0.0,0.0,0.0,0.0,0.0
D-T support burns (late matches plus fixed starters),0.15000000047264297,0.0,0.0,-0.15000000047264297,0.0,0.0,0.0,0.0,0.0,0.15000000047264297,0.15000000047264297,0.0,0.0,0.0,0.0,0.0,0.0,0.0,-0.15000000047264297
DD tritium branch,0.15000000047264297,0.0,0.0,-0.30000000094528595,0.0,0.0,0.0,0.15000000047264297,0.0,0.0,0.0,0.0,0.0,0.0,0.0,0.0,0.0,0.0,0.15000000047264297
DD neutron branch,0.15000000047264297,0.0,0.0,-0.30000000094528595,0.0,0.0,0.0,0.0,0.15000000047264297,0.0,0.15000000047264297,0.0,0.0,0.0,0.0,0.0,0.0,0.0,0.0
capture DD-makeup neutrons,0.12000000037811438,0.0,0.0,0.12000000037811438,0.0,0.0,0.12000000037811438,-0.12000000037811438,0.0,0.0,-0.12000000037811438,0.0,0.0,0.0,0.0,0.0,0.0,0.0,0.0
