proton_ratio,radius_m,geometric_coefficient,initial_temperature_keV,final_temperature_keV,peak_temperature_keV,nitrogen_burn_fraction,proton_burn_fraction,initial_hydrodynamic_time_s,elapsed_s,trapped_bremsstrahlung,expansion_loss_multiplier,outcome,fixed_t_target_burn_fraction,fixed_t_required_rho_r_kg_m2,fixed_t_fusion_to_thermal,fixed_t_fusion_to_thin_brem,fixed_t_fusion_to_escaping_brem
1.0,314.1500783138486,1.0,60.0,0.999999900594426,60.0,2.128204711027831e-05,2.128204711027831e-05,0.00012792826665238612,6.8541776345713115e-09,False,1.0,quenched,0.789489349499049,153765.94686676664,4.356226788458086,0.0006364997489828752,2.1439181058513204
1.0,314.1500783138486,1.0,60.0,1.000000000000001,238.22706896973978,0.9338319799474127,0.9338319799474127,0.00012792826665238612,6.511065168981155e-05,True,1.0,near-complete-burn,0.789489349499049,153765.94686676664,4.356226788458086,0.0006364997489828752,2.1439181058513204
1.0,314.1500783138486,1.0,60.0,0.9999999999905675,260.0800610389367,0.9530357596377821,0.9530357596377821,0.00012792826665238612,7.44934275981095e-05,True,0.0,near-complete-burn,0.789489349499049,153765.94686676664,4.356226788458086,0.0006364997489828752,2.1439181058513204
1.0,131.08198244451464,1.0,80.0,0.9999999305439871,80.0,8.554728478793148e-05,8.554728478793148e-05,4.6227773400959394e-05,8.072787378431931e-09,False,1.0,quenched,0.789489349499049,64160.24231455728,3.267170091343565,0.0015254304387283303,2.0325829593163625
1.0,131.08198244451464,1.0,80.0,0.9999999999810235,177.92080410355402,0.814001172606937,0.814001172606937,4.6227773400959394e-05,2.7167212177539528e-05,True,1.0,quenched,0.789489349499049,64160.24231455728,3.267170091343565,0.0015254304387283303,2.0325829593163625
1.0,131.08198244451464,1.0,80.0,0.9999999999586067,207.66478507706913,0.8707120086685476,0.8707120086685476,4.6227773400959394e-05,3.116662503146033e-05,True,0.0,quenched,0.789489349499049,64160.24231455728,3.267170091343565,0.0015254304387283303,2.0325829593163625
1.0,76.7769142929487,1.0,100.0,0.999999958853154,100.0,0.00020956532609292498,0.00020956532609292498,2.4217852065258755e-05,9.147373249013107e-09,False,1.0,quenched,0.789489349499049,37579.729367342385,2.613736073074852,0.002604382421866615,1.9361693850277806
1.0,76.7769142929487,1.0,100.0,1.0000000000122473,149.908092747341,0.66918334705118,0.66918334705118,2.4217852065258755e-05,1.5144898814930608e-05,True,1.0,quenched,0.789489349499049,37579.729367342385,2.613736073074852,0.002604382421866615,1.9361693850277806
1.0,76.7769142929487,1.0,100.0,0.9999999999967133,179.89652615319443,0.770482554707061,0.770482554707061,2.4217852065258755e-05,1.77877225883373e-05,True,0.0,quenched,0.789489349499049,37579.729367342385,2.613736073074852,0.002604382421866615,1.9361693850277806
1.0,52.18781151411355,1.0,120.0,1.0000000547841186,120.0,0.00040396198757363034,0.00040396198757363034,1.50273856024951e-05,1.0119893806798711e-08,False,1.0,quenched,0.789489349499049,25544.186700329286,2.178113394229043,0.0038314778908795496,1.8517812078659461
1.0,52.18781151411355,1.0,120.0,1.000000000133605,146.27295800172172,0.5596808828860056,0.5596808828860056,1.50273856024951e-05,9.76308836663178e-06,True,1.0,quenched,0.789489349499049,25544.186700329286,2.178113394229043,0.0038314778908795496,1.8517812078659461
1.0,52.18781151411355,1.0,120.0,0.9999999999763944,170.71114896731837,0.6797123399358511,0.6797123399358511,1.50273856024951e-05,1.168338339705153e-05,True,0.0,quenched,0.789489349499049,25544.186700329286,2.178113394229043,0.0038314778908795496,1.8517812078659461
1.0,39.549057053889165,1.0,140.0,0.9999999020882393,140.0,0.0006736023110194264,0.0006736023110194264,1.0543312617018935e-05,1.1015254279214589e-08,False,1.0,quenched,0.789489349499049,19357.93948618272,1.8669543379106082,0.005055909315796241,1.7772162937176892
1.0,39.549057053889165,1.0,140.0,0.9999999999137845,155.7682142133992,0.5082340735550247,0.5082340735550247,1.0543312617018935e-05,7.2406935581396195e-06,True,1.0,quenched,0.789489349499049,19357.93948618272,1.8669543379106082,0.005055909315796241,1.7772162937176892
1.0,39.549057053889165,1.0,140.0,0.9999999999719905,175.2812565233334,0.6245561350377357,0.6245561350377357,1.0543312617018935e-05,8.68749278187794e-06,True,0.0,quenched,0.789489349499049,19357.93948618272,1.8669543379106082,0.005055909315796241,1.7772162937176892
1.0,32.41496125180319,1.0,160.0,0.9999999785945533,160.0,0.0010143021705995776,0.0010143021705995776,8.083333252003862e-06,1.1849586108306565e-08,False,1.0,quenched,0.789489349499049,15866.038411594902,1.6335850456717824,0.0061686467688926196,1.710773803461211
1.0,32.41496125180319,1.0,160.0,0.9999999999994195,170.53294296631108,0.49091623856891264,0.49091623856891264,8.083333252003862e-06,5.937776363825739e-06,True,1.0,quenched,0.789489349499049,15866.038411594902,1.6335850456717824,0.0061686467688926196,1.710773803461211
1.0,32.41496125180319,1.0,160.0,0.9999999999663387,187.51186694038324,0.6017750330907958,0.6017750330907958,8.083333252003862e-06,7.116610207814375e-06,True,0.0,quenched,0.789489349499049,15866.038411594902,1.6335850456717824,0.0061686467688926196,1.710773803461211
1.0,27.721887309853614,1.0,180.0,0.9999999006675457,180.0,0.0014198976027007166,0.0014198976027007166,6.51765712270587e-06,1.2634011165617867e-08,False,1.0,quenched,0.789489349499049,13568.935822052705,1.4520755961526952,0.007212944910812102,1.6511214202807902
1.0,27.721887309853614,1.0,180.0,1.0000000000141054,187.3612494497258,0.4865460705556319,0.4865460705556319,6.51765712270587e-06,5.121608499430732e-06,True,1.0,quenched,0.789489349499049,13568.935822052705,1.4520755961526952,0.007212944910812102,1.6511214202807902
1.0,27.721887309853614,1.0,180.0,1.0000000000004097,203.12124633802998,0.5948843090711605,0.5948843090711605,6.51765712270587e-06,6.138471880010485e-06,True,0.0,quenched,0.789489349499049,13568.935822052705,1.4520755961526952,0.007212944910812102,1.6511214202807902
2.0,134.63902240583928,1.0,60.0,1.0000000675378848,60.0,4.4520304525714006e-05,2.2260152262857003e-05,5.1591022948151606e-05,1.0265130407111506e-08,False,1.0,quenched,0.789489349499049,48893.814082552606,3.630188990381738,0.0011093677542185186,1.2580642666761748
2.0,134.63902240583928,1.0,60.0,1.000000000003654,71.1957150666534,0.5296329155439522,0.2648164577719761,5.1591022948151606e-05,2.8003949975948003e-05,True,1.0,quenched,0.789489349499049,48893.814082552606,3.630188990381738,0.0011093677542185186,1.2580642666761748
2.0,134.63902240583928,1.0,60.0,0.9999999999241159,189.5864051108728,0.9927483266712923,0.49637416333564616,5.1591022948151606e-05,3.842752533752845e-05,True,0.0,near-complete-burn,0.789489349499049,48893.814082552606,3.630188990381738,0.0011093677542185186,1.2580642666761748
2.0,56.179358814983395,1.0,80.0,1.000000000015248,80.0,0.00017900064425114206,8.950032212557103e-05,1.864277677466964e-05,1.2090827152962977e-08,False,1.0,quenched,0.789489349499049,20401.389404753147,2.722641742786304,0.0026587022897225795,1.192732121246502
2.0,56.179358814983395,1.0,80.0,1.0000000000206273,80.06832634859693,0.22692453741610796,0.11346226870805398,1.864277677466964e-05,8.44894325996378e-06,True,1.0,quenched,0.789489349499049,20401.389404753147,2.722641742786304,0.0026587022897225795,1.192732121246502
2.0,56.179358814983395,1.0,80.0,0.9999999999607652,89.1730128892521,0.4847754331383724,0.2423877165691862,1.864277677466964e-05,1.2212550774625573e-05,True,0.0,quenched,0.789489349499049,20401.389404753147,2.722641742786304,0.0026587022897225795,1.192732121246502
2.0,32.90519212735091,1.0,100.0,0.9999999956075925,100.0,0.00043859170743634865,0.00021929585371817433,9.766596502465789e-06,1.3701235345879503e-08,False,1.0,quenched,0.789489349499049,11949.435739185765,2.178113394229043,0.004539228621989741,1.1361560457406563
2.0,32.90519212735091,1.0,100.0,0.999999999980961,100.0,0.2320858863085067,0.11604294315425336,9.766596502465789e-06,5.162224334707905e-06,True,1.0,quenched,0.789489349499049,11949.435739185765,2.178113394229043,0.004539228621989741,1.1361560457406563
2.0,32.90519212735091,1.0,100.0,0.9999999999228115,102.41833046206831,0.37786101371830494,0.18893050685915247,9.766596502465789e-06,6.586496839115522e-06,True,0.0,quenched,0.789489349499049,11949.435739185765,2.178113394229043,0.004539228621989741,1.1361560457406563
2.0,22.366748916550257,1.0,120.0,0.999999994873118,120.0,0.0008455684491509943,0.00042278422457549714,6.06025717190148e-06,1.515904720756957e-08,False,1.0,quenched,0.789489349499049,8122.427240005822,1.815094495190869,0.006677957108286794,1.0866365468719787
2.0,22.366748916550257,1.0,120.0,0.9999999999741964,120.0,0.24442183873981538,0.12221091936990769,6.06025717190148e-06,3.666253957175755e-06,True,1.0,quenched,0.789489349499049,8122.427240005822,1.815094495190869,0.006677957108286794,1.0866365468719787
2.0,22.366748916550257,1.0,120.0,0.9999999999672154,120.8268470205466,0.36899041207103916,0.18449520603551958,6.06025717190148e-06,4.553675599923422e-06,True,0.0,quenched,0.789489349499049,8122.427240005822,1.815094495190869,0.006677957108286794,1.0866365468719787
2.0,16.950008121559858,1.0,140.0,0.9999999735476528,140.0,0.0014100897430909106,0.0007050448715454553,4.251916307536515e-06,1.6501560056673558e-08,False,1.0,quenched,0.789489349499049,6155.351776806733,1.5557952815921736,0.008812042380472748,1.0428813988643784
2.0,16.950008121559858,1.0,140.0,0.9999999999995398,140.0,0.262774320933641,0.1313871604668205,4.251916307536515e-06,2.9010891007600536e-06,True,1.0,quenched,0.789489349499049,6155.351776806733,1.5557952815921736,0.008812042380472748,1.0428813988643784
2.0,16.950008121559858,1.0,140.0,1.0000000000184919,140.1927519247692,0.3815277130661597,0.19076385653307984,4.251916307536515e-06,3.5739030318871326e-06,True,0.0,quenched,0.789489349499049,6155.351776806733,1.5557952815921736,0.008812042380472748,1.0428813988643784
2.0,13.892464129535602,1.0,160.0,0.9999999131910803,160.0,0.0021232732951522158,0.0010616366475761079,3.2598536837433952e-06,1.7752922507095423e-08,False,1.0,quenched,0.789489349499049,5045.01255401707,1.361320871393152,0.010751454063429401,1.0038925389109508
2.0,13.892464129535602,1.0,160.0,1.0000000001471527,160.0,0.28392587275010006,0.14196293637505003,3.2598536837433952e-06,2.4747692675489866e-06,True,1.0,quenched,0.789489349499049,5045.01255401707,1.361320871393152,0.010751454063429401,1.0038925389109508
2.0,13.892464129535602,1.0,160.0,1.0000000000096734,160.0006180042039,0.4021859344263988,0.2010929672131994,3.2598536837433952e-06,3.0439684016901633e-06,True,0.0,quenched,0.789489349499049,5045.01255401707,1.361320871393152,0.010751454063429401,1.0038925389109508
2.0,11.881097807381945,1.0,180.0,1.0000000156706874,180.0,0.002971965857648963,0.0014859829288244816,2.6284464488164043e-06,1.892956650347628e-08,False,1.0,quenched,0.789489349499049,4314.590056512191,1.2100629967939127,0.012571581543899086,0.9688881553495917
2.0,11.881097807381945,1.0,180.0,1.000000000000012,180.0,0.3025098330110024,0.1512549165055012,2.6284464488164043e-06,2.1887859972653124e-06,True,1.0,quenched,0.789489349499049,4314.590056512191,1.2100629967939127,0.012571581543899086,0.9688881553495917
2.0,11.881097807381945,1.0,180.0,1.7629645265350553,180.0,0.4219163195038104,0.2109581597519052,2.6284464488164043e-06,2.6284464488164043e-06,True,0.0,quenched,0.789489349499049,4314.590056512191,1.2100629967939127,0.012571581543899086,0.9688881553495917
3.0,109.11909456556107,1.0,60.0,0.9999999014049653,60.0,6.877999152712348e-05,2.2926663842374494e-05,3.983293799679385e-05,1.3760786325058791e-08,False,1.0,quenched,0.789489349499049,32232.240471714184,3.1115905631843472,0.0014688455745758657,1.152322156807639
3.0,109.11909456556107,1.0,60.0,1.000000000033194,60.0,0.16407265701542476,0.05469088567180825,3.983293799679385e-05,1.5545876483571893e-05,True,1.0,quenched,0.789489349499049,32232.240471714184,3.1115905631843472,0.0014688455745758657,1.152322156807639
3.0,109.11909456556107,1.0,60.0,1.0000000000000087,128.82384798527866,0.9672425414887231,0.32241418049624104,3.983293799679385e-05,3.5033210396517396e-05,True,0.0,near-complete-burn,0.789489349499049,32232.240471714184,3.1115905631843472,0.0014688455745758657,1.152322156807639
3.0,45.530936407771286,1.0,80.0,1.0000000000436795,80.0,0.00027657805890012185,9.219268630004062e-05,1.4393910585951852e-05,1.6208638505661335e-08,False,1.0,quenched,0.789489349499049,13449.196009556941,2.3336929223882605,0.0035202240893730703,1.0924812721052297
3.0,45.530936407771286,1.0,80.0,0.9999999999678684,80.0,0.18438810473926104,0.06146270157975368,1.4393910585951852e-05,7.080075779926101e-06,True,1.0,quenched,0.789489349499049,13449.196009556941,2.3336929223882605,0.0035202240893730703,1.0924812721052297
3.0,45.530936407771286,1.0,80.0,1.0000000000018199,81.18417778250077,0.33482438257432035,0.11160812752477345,1.4393910585951852e-05,9.259502588547847e-06,True,0.0,quenched,0.789489349499049,13449.196009556941,2.3336929223882605,0.0035202240893730703,1.0924812721052297
3.0,26.668232636295762,1.0,100.0,1.000000001375347,100.0,0.0006777373912638457,0.00022591246375461524,7.540696243092455e-06,1.8368099401936554e-08,False,1.0,quenched,0.789489349499049,7877.419536067074,1.8669543379106082,0.006010113281230649,1.0406604970641808
3.0,26.668232636295762,1.0,100.0,1.0000000000090525,100.0,0.2065481060391611,0.06884936867972037,7.540696243092455e-06,4.452394499452939e-06,True,1.0,quenched,0.789489349499049,7877.419536067074,1.8669543379106082,0.006010113281230649,1.0406604970641808
3.0,26.668232636295762,1.0,100.0,1.0000000000001108,100.17983401362375,0.3318315984957644,0.11061053283192146,7.540696243092455e-06,5.603409158789047e-06,True,0.0,quenched,0.789489349499049,7877.419536067074,1.8669543379106082,0.006010113281230649,1.0406604970641808
3.0,18.12728098093616,1.0,120.0,1.0000000244513791,120.0,0.0013066333912938042,0.0004355444637646014,4.679066906961294e-06,2.0323005680217787e-08,False,1.0,quenched,0.789489349499049,5354.542960625609,1.5557952815921736,0.008841872055875883,0.9953031832513117
3.0,18.12728098093616,1.0,120.0,1.0000000000022948,120.0,0.2260015170099891,0.0753338390033297,4.679066906961294e-06,3.198546166901446e-06,True,1.0,quenched,0.789489349499049,5354.542960625609,1.5557952815921736,0.008841872055875883,0.9953031832513117
3.0,18.12728098093616,1.0,120.0,1.0000000000003115,120.0,0.34772540429003357,0.11590846809667786,4.679066906961294e-06,3.992528026458187e-06,True,0.0,quenched,0.789489349499049,5354.542960625609,1.5557952815921736,0.008841872055875883,0.9953031832513117
3.0,13.737247241207706,1.0,140.0,1.0000000000356886,140.0,0.002178807549345548,0.0007262691831151826,3.2828641295961483e-06,2.2123373015505284e-08,False,1.0,quenched,0.789489349499049,4057.788953077924,1.3335388127932917,0.011667483036452863,0.955225718324368
3.0,13.737247241207706,1.0,140.0,0.9999999999947959,140.0,0.24840777133930986,0.08280259044643662,3.2828641295961483e-06,2.545261966607728e-06,True,1.0,quenched,0.789489349499049,4057.788953077924,1.3335388127932917,0.011667483036452863,0.955225718324368
3.0,13.737247241207706,1.0,140.0,0.99999999999143,140.0,0.3729331297528519,0.12431104325095065,3.2828641295961483e-06,3.1785136890421646e-06,True,0.0,quenched,0.789489349499049,4057.788953077924,1.3335388127932917,0.011667483036452863,0.955225718324368
3.0,11.259240300557282,1.0,160.0,0.9999999886284523,160.0,0.0032802444597155728,0.0010934148199051909,2.516902015950876e-06,2.3801613071461158e-08,False,1.0,quenched,0.789489349499049,3325.820676401722,1.1668464611941303,0.014235338697444507,0.9197098654750683
3.0,11.259240300557282,1.0,160.0,0.9999999999977326,160.0,0.2725385285204702,0.09084617617349007,2.516902015950876e-06,2.1783155183416725e-06,True,1.0,quenched,0.789489349499049,3325.820676401722,1.1668464611941303,0.014235338697444507,0.9197098654750683
3.0,11.259240300557282,1.0,160.0,3.940866845392113,160.0,0.40202382336579273,0.1340079411219309,2.516902015950876e-06,2.516902015950876e-06,True,0.0,quenched,0.789489349499049,3325.820676401722,1.1668464611941303,0.014235338697444507,0.9197098654750683
3.0,9.629115036787164,1.0,180.0,0.9999999005836242,180.0,0.004590162301987077,0.001530054100662359,2.0293984968822556e-06,2.537950075253039e-08,False,1.0,quenched,0.789489349499049,2844.304680415463,1.0371968543947825,0.016645257486489467,0.8877293133740759
3.0,9.629115036787164,1.0,180.0,0.999999999995622,180.0,0.293668068281234,0.09788935609374466,2.0293984968822556e-06,1.9312359326960804e-06,True,1.0,quenched,0.789489349499049,2844.304680415463,1.0371968543947825,0.016645257486489467,0.8877293133740759
3.0,9.629115036787164,1.0,180.0,10.080469429585337,180.0,0.42782262609592187,0.14260754203197396,2.0293984968822556e-06,2.0293984968822556e-06,True,0.0,quenched,0.789489349499049,2844.304680415463,1.0371968543947825,0.016645257486489467,0.8877293133740759
4.0,99.6044063667611,1.0,60.0,0.9999999058975284,60.0,9.348947112000373e-05,2.337236778000093e-05,3.4943364020526024e-05,1.7278503491846624e-08,False,1.0,quenched,0.789489349499049,25212.431470705673,2.722641742786304,0.0017468260692497435,1.11707739514896
4.0,99.6044063667611,1.0,60.0,1.0000000000216858,60.0,0.14831692165816857,0.03707923041454214,3.4943364020526024e-05,1.4929058262409956e-05,True,1.0,quenched,0.789489349499049,25212.431470705673,2.722641742786304,0.0017468260692497435,1.11707739514896
4.0,99.6044063667611,1.0,60.0,1.0000000000079983,67.6098423184338,0.5523859040260205,0.13809647600650513,3.4943364020526024e-05,2.6222363007591492e-05,True,0.0,quenched,0.789489349499049,25212.431470705673,2.722641742786304,0.0017468260692497435,1.11707739514896
4.0,41.56084606708347,1.0,80.0,1.0000000359438168,80.0,0.00037596268951667653,9.399067237916913e-05,1.2627028850452925e-05,2.0352244271169e-08,False,1.0,quenched,0.789489349499049,10520.116745362848,2.041981307089728,0.00418643002052372,1.0590667952382826
4.0,41.56084606708347,1.0,80.0,0.9999999999999416,80.0,0.18012424582488,0.04503106145622,1.2627028850452925e-05,6.93799821093581e-06,True,1.0,quenched,0.789489349499049,10520.116745362848,2.041981307089728,0.00418643002052372,1.0590667952382826
4.0,41.56084606708347,1.0,80.0,0.9999999999934626,80.39511520389262,0.32234114109667206,0.08058528527416801,1.2627028850452925e-05,8.992982192050915e-06,True,0.0,quenched,0.789489349499049,10520.116745362848,2.041981307089728,0.00418643002052372,1.0590667952382826
4.0,24.342884177736444,1.0,100.0,1.0000000402174367,100.0,0.0009212677666222518,0.00023031694165556295,6.615060476126603e-06,2.3063808046605833e-08,False,1.0,quenched,0.789489349499049,6161.808714271071,1.6335850456717824,0.007147533233253145,1.0088310030551084
4.0,24.342884177736444,1.0,100.0,1.0000000000000915,100.0,0.20655629888478805,0.05163907472119701,6.615060476126603e-06,4.387663197586044e-06,True,1.0,quenched,0.789489349499049,6161.808714271071,1.6335850456717824,0.007147533233253145,1.0088310030551084
4.0,24.342884177736444,1.0,100.0,0.9999999999995226,100.00684832658263,0.3380790023503516,0.0845197505875879,6.615060476126603e-06,5.5739323330983214e-06,True,0.0,quenched,0.789489349499049,6161.808714271071,1.6335850456717824,0.007147533233253145,1.0088310030551084
4.0,16.54666461757349,1.0,120.0,0.9999999006868454,120.0,0.001775968015391249,0.00044399200384781225,4.104701948410272e-06,2.55181916008222e-08,False,1.0,quenched,0.789489349499049,4188.385463622815,1.361320871393152,0.010515205189377838,0.9648609815939218
4.0,16.54666461757349,1.0,120.0,1.0000000000000036,120.0,0.2284808326290144,0.0571202081572536,4.104701948410272e-06,3.1598498288539144e-06,True,1.0,quenched,0.789489349499049,4188.385463622815,1.361320871393152,0.010515205189377838,0.9648609815939218
4.0,16.54666461757349,1.0,120.0,0.9999999999987265,120.0,0.36141104636073074,0.09035276159018268,4.104701948410272e-06,4.004954961974442e-06,True,0.0,quenched,0.789489349499049,4188.385463622815,1.361320871393152,0.010515205189377838,0.9648609815939218
4.0,12.53942183099606,1.0,140.0,1.000000012427234,140.0,0.0029608523899248423,0.0007402130974812106,2.8798858954275195e-06,2.7778230740395115e-08,False,1.0,quenched,0.789489349499049,3174.049473595987,1.1668464611941303,0.01387556587525555,0.9260093203112878
4.0,12.53942183099606,1.0,140.0,1.000000000001023,140.0,0.2526322523223489,0.06315806308058723,2.8798858954275195e-06,2.5167586994324184e-06,True,1.0,quenched,0.789489349499049,3174.049473595987,1.1668464611941303,0.01387556587525555,0.9260093203112878
4.0,12.53942183099606,1.0,140.0,4.837378433353409,140.0,0.39159323863836243,0.09789830965959061,2.8798858954275195e-06,2.8798858954275195e-06,True,0.0,quenched,0.789489349499049,3174.049473595987,1.1668464611941303,0.01387556587525555,0.9260093203112878
4.0,10.277485812567091,1.0,160.0,1.000000000556329,160.0,0.004456381158946915,0.0011140952897367288,2.207947185679506e-06,2.988472608663578e-08,False,1.0,quenched,0.789489349499049,2601.495417646186,1.020990653544864,0.01692939078941371,0.8916756976439267
4.0,10.277485812567091,1.0,160.0,0.9999999999997129,160.0,0.2783111571407764,0.0695777892851941,2.207947185679506e-06,2.1547139371028103e-06,True,1.0,quenched,0.789489349499049,2601.495417646186,1.020990653544864,0.01692939078941371,0.8916756976439267
4.0,10.277485812567091,1.0,160.0,12.303258491803096,160.0,0.4247186346376499,0.10617965865941248,2.207947185679506e-06,2.207947185679506e-06,True,0.0,quenched,0.789489349499049,2601.495417646186,1.020990653544864,0.01692939078941371,0.8916756976439267
4.0,8.789500049417924,1.0,180.0,0.999999902015485,180.0,0.006233617789097072,0.001558404447274268,1.7802857129186117e-06,3.186474382567748e-08,False,1.0,quenched,0.789489349499049,2224.848033747883,0.9075472475954345,0.0197953891205821,0.8607133074646187
4.0,8.789500049417924,1.0,180.0,2.9185570829151755,180.0,0.30075879649525517,0.07518969912381379,1.7802857129186117e-06,1.7802857129186117e-06,True,1.0,quenched,0.789489349499049,2224.848033747883,0.9075472475954345,0.0197953891205821,0.8607133074646187
4.0,8.789500049417924,1.0,180.0,21.58159596999726,180.0,0.4536050053760523,0.11340125134401308,1.7802857129186117e-06,1.7802857129186117e-06,True,0.0,quenched,0.789489349499049,2224.848033747883,0.9075472475954345,0.0197953891205821,0.8607133074646187
5.0,95.05230981956211,1.0,60.0,0.9999999931519017,60.0,0.00011828730457918001,2.3657460915836003e-05,3.225601943129751e-05,2.0779205973840833e-08,False,1.0,quenched,0.789489349499049,21315.56431384476,2.4201259935878254,0.001964505398095293,1.1007307414186238
5.0,95.05230981956211,1.0,60.0,1.000000000005258,60.0,0.146065951645823,0.029213190329164602,3.225601943129751e-05,1.517517866360309e-05,True,1.0,quenched,0.789489349499049,21315.56431384476,2.4201259935878254,0.001964505398095293,1.1007307414186238
5.0,95.05230981956211,1.0,60.0,1.0000000000008304,62.35037427933154,0.39440676850171374,0.07888135370034274,3.225601943129751e-05,2.258421602813006e-05,True,0.0,quenched,0.789489349499049,21315.56431384476,2.4201259935878254,0.001964505398095293,1.1007307414186238
5.0,39.6614423079364,1.0,80.0,0.9999999027431508,80.0,0.00047568901584247756,9.513780316849552e-05,1.165593809801809e-05,2.4475502512367583e-08,False,1.0,quenched,0.789489349499049,8894.113419226707,1.815094495190869,0.0047081186380504,1.0435690345153126
5.0,39.6614423079364,1.0,80.0,0.9999999999907699,80.0,0.18261199864811475,0.03652239972962295,1.165593809801809e-05,7.0930408358428364e-06,True,1.0,quenched,0.789489349499049,8894.113419226707,1.815094495190869,0.0047081186380504,1.0435690345153126
5.0,39.6614423079364,1.0,80.0,0.9999999999997761,80.18827082750998,0.3298569806555633,0.06597139613111266,1.165593809801809e-05,9.240041211921877e-06,True,0.0,quenched,0.789489349499049,8894.113419226707,1.815094495190869,0.0047081186380504,1.0435690345153126
5.0,23.230371558502387,1.0,100.0,0.9999999311166987,100.0,0.0011655547402494586,0.0002331109480498917,6.106324483578895e-06,2.7735879376590943e-08,False,1.0,quenched,0.789489349499049,5209.43131134579,1.4520755961526952,0.008038217351440167,0.9940683633750083
5.0,23.230371558502387,1.0,100.0,0.9999999999993283,100.0,0.21155871203177917,0.04231174240635584,6.106324483578895e-06,4.493627378142746e-06,True,1.0,quenched,0.789489349499049,5209.43131134579,1.4520755961526952,0.008038217351440167,0.9940683633750083
5.0,23.230371558502387,1.0,100.0,1.0000000000011582,100.0,0.35429526506081843,0.07085905301216369,6.106324483578895e-06,5.7845845202087015e-06,True,0.0,quenched,0.789489349499049,5209.43131134579,1.4520755961526952,0.008038217351440167,0.9940683633750083
5.0,15.7904529436043,1.0,120.0,0.9999999493144383,120.0,0.0022464959009347416,0.0004492991801869483,3.789026887332108e-06,3.068626816175784e-08,False,1.0,quenched,0.789489349499049,3541.0229998941795,1.2100629967939127,0.01182554904592453,0.950741773352379
5.0,15.7904529436043,1.0,120.0,1.0000000000033684,120.0,0.23510353852670243,0.04702070770534049,3.789026887332108e-06,3.2382974881431517e-06,True,1.0,quenched,0.789489349499049,3541.0229998941795,1.2100629967939127,0.01182554904592453,0.950741773352379
5.0,15.7904529436043,1.0,120.0,4.12106658311285,120.0,0.38203285230615514,0.07640657046123103,3.789026887332108e-06,3.789026887332108e-06,True,0.0,quenched,0.789489349499049,3541.0229998941795,1.2100629967939127,0.01182554904592453,0.950741773352379
5.0,11.966348199990545,1.0,140.0,0.999999902623244,140.0,0.0037442786441361565,0.0007488557288272313,2.6584061954728574e-06,3.340228856335209e-08,False,1.0,quenched,0.789489349499049,2683.464138251428,1.0371968543947825,0.015604658382087156,0.9126959214874979
5.0,11.966348199990545,1.0,140.0,1.0000000000000542,140.0,0.26056540137840767,0.05211308027568153,2.6584061954728574e-06,2.579272084355132e-06,True,1.0,quenched,0.789489349499049,2683.464138251428,1.0371968543947825,0.015604658382087156,0.9126959214874979
5.0,11.966348199990545,1.0,140.0,11.820429924397825,140.0,0.4156589087577444,0.08313178175154888,2.6584061954728574e-06,2.6584061954728574e-06,True,0.0,quenched,0.789489349499049,2683.464138251428,1.0371968543947825,0.015604658382087156,0.9126959214874979
5.0,9.80778663571536,1.0,160.0,1.000000069133996,160.0,0.005633485777435836,0.0011266971554871673,2.038143416378624e-06,3.5933173690874887e-08,False,1.0,quenched,0.789489349499049,2199.4048035961864,0.9075472475954345,0.019039033237322894,0.8787127206739959
5.0,9.80778663571536,1.0,160.0,3.0635561805568767,160.0,0.2873258116310373,0.057465162326207464,2.038143416378624e-06,2.038143416378624e-06,True,1.0,quenched,0.789489349499049,2199.4048035961864,0.9075472475954345,0.019039033237322894,0.8787127206739959
5.0,9.80778663571536,1.0,160.0,22.006506558395053,160.0,0.45140919534365737,0.09028183906873147,2.038143416378624e-06,2.038143416378624e-06,True,0.0,quenched,0.789489349499049,2199.4048035961864,0.9075472475954345,0.019039033237322894,0.8787127206739959
5.0,8.38780443889208,1.0,180.0,0.9999999016829494,180.0,0.007876590955647852,0.0015753181911295703,1.643371557341537e-06,3.831118527561598e-08,False,1.0,quenched,0.789489349499049,1880.9725435242487,0.8067086645292751,0.022262175650654623,0.8482389889384379
5.0,8.38780443889208,1.0,180.0,6.9578237633618985,180.0,0.3107787448323884,0.06215574896647767,1.643371557341537e-06,1.643371557341537e-06,True,1.0,quenched,0.789489349499049,1880.9725435242487,0.8067086645292751,0.022262175650654623,0.8482389889384379
5.0,8.38780443889208,1.0,180.0,33.50851999313214,180.0,0.48244007096049873,0.09648801419209975,1.643371557341537e-06,1.643371557341537e-06,True,0.0,quenched,0.789489349499049,1880.9725435242487,0.8067086645292751,0.022262175650654623,0.8482389889384379
7.0,91.26361565057546,1.0,60.0,1.0000000001438207,60.0,0.00016729470934410213,2.389924419201459e-05,2.9381030388892678e-05,2.763936032533084e-08,False,1.0,quenched,0.789489349499049,17097.199144353643,1.9801030856627664,0.002273213389224554,1.0835533884106774
7.0,91.26361565057546,1.0,60.0,0.9999999999999959,60.0,0.14915049360106186,0.021307213371580265,2.9381030388892678e-05,1.6344423740008896e-05,True,1.0,quenched,0.789489349499049,17097.199144353643,1.9801030856627664,0.002273213389224554,1.0835533884106774
7.0,91.26361565057546,1.0,60.0,0.9999999999990965,60.89361830156887,0.3522312346171306,0.050318747802447224,2.9381030388892678e-05,2.2893121254332925e-05,True,0.0,quenched,0.789489349499049,17097.199144353643,1.9801030856627664,0.002273213389224554,1.0835533884106774
7.0,38.08057514657095,1.0,80.0,0.9999999391663069,80.0,0.0006727067032842585,9.610095761203694e-05,1.0617040710752872e-05,3.255447973476195e-08,False,1.0,quenched,0.789489349499049,7133.962118104424,1.4850773142470748,0.0054479658526011806,1.0272837133013994
7.0,38.08057514657095,1.0,80.0,0.9999999999965961,80.0,0.19123332894399206,0.027319046991998865,1.0617040710752872e-05,7.661910458099542e-06,True,1.0,quenched,0.789489349499049,7133.962118104424,1.4850773142470748,0.0054479658526011806,1.0272837133013994
7.0,38.08057514657095,1.0,80.0,0.9999999999994819,80.06012162120192,0.3551668230272876,0.0507381175753268,1.0617040710752872e-05,1.0148178284781554e-05,True,0.0,quenched,0.789489349499049,7133.962118104424,1.4850773142470748,0.0054479658526011806,1.0272837133013994
7.0,22.304431163848477,1.0,100.0,0.9999999996161923,100.0,0.0016478403261235305,0.00023540576087479007,5.5620658835042765e-06,3.688802818969805e-08,False,1.0,quenched,0.789489349499049,4178.481190904256,1.18806185139766,0.009301365792380766,0.9785555203615415
7.0,22.304431163848477,1.0,100.0,1.000000000000001,100.0,0.22366674161951422,0.0319523916599306,5.5620658835042765e-06,4.857013107747962e-06,True,1.0,quenched,0.789489349499049,4178.481190904256,1.18806185139766,0.009301365792380766,0.9785555203615415
7.0,22.304431163848477,1.0,100.0,5.682570848677633,100.0,0.39034926919699847,0.05576418131385692,5.5620658835042765e-06,5.5620658835042765e-06,True,0.0,quenched,0.789489349499049,4178.481190904256,1.18806185139766,0.009301365792380766,0.9785555203615415
7.0,15.161060589997556,1.0,120.0,1.0000000000000284,120.0,0.003174468958914651,0.00045349556555923583,3.451309742609427e-06,4.080659137933187e-08,False,1.0,quenched,0.789489349499049,2840.252057723131,0.9900515428313832,0.013683849610284102,0.9359050594806222
7.0,15.161060589997556,1.0,120.0,1.2507386801607698,120.0,0.24955794999460926,0.03565113571351561,3.451309742609427e-06,3.451309742609427e-06,True,1.0,quenched,0.789489349499049,2840.252057723131,0.9900515428313832,0.013683849610284102,0.9359050594806222
7.0,15.161060589997556,1.0,120.0,14.995003255588975,120.0,0.4243035525849726,0.06061479322642466,3.451309742609427e-06,3.451309742609427e-06,True,0.0,quenched,0.789489349499049,2840.252057723131,0.9900515428313832,0.013683849610284102,0.9359050594806222
7.0,11.489381004396549,1.0,140.0,0.999999963917402,140.0,0.005287229118409801,0.0007553184454871145,2.4214616245990617e-06,4.4410919496574796e-08,False,1.0,quenched,0.789489349499049,2152.404697942548,0.8486156081411855,0.018056818984986574,0.8985421321870584
7.0,11.489381004396549,1.0,140.0,4.764995802778021,140.0,0.2769058742988704,0.039557982042695776,2.4214616245990617e-06,2.4214616245990617e-06,True,1.0,quenched,0.789489349499049,2152.404697942548,0.8486156081411855,0.018056818984986574,0.8985421321870584
7.0,11.489381004396549,1.0,140.0,26.896124810815365,140.0,0.4627374389046949,0.06610534841495641,2.4214616245990617e-06,2.4214616245990617e-06,True,0.0,quenched,0.789489349499049,2152.404697942548,0.8486156081411855,0.018056818984986574,0.8985421321870584
7.0,9.416857639797865,1.0,160.0,0.9999999057277311,160.0,0.007948032943310928,0.001135433277615847,1.856483059885517e-06,4.7767052245618124e-08,False,1.0,quenched,0.789489349499049,1764.1410460668826,0.7425386571235374,0.022030881317473647,0.8651380479967691
7.0,9.416857639797865,1.0,160.0,9.645041161685938,160.0,0.3053549825260917,0.04362214036087025,1.856483059885517e-06,1.856483059885517e-06,True,1.0,quenched,0.789489349499049,1764.1410460668826,0.7425386571235374,0.022030881317473647,0.8651380479967691
7.0,9.416857639797865,1.0,160.0,40.44956585744365,160.0,0.5020366127978867,0.07171951611398382,1.856483059885517e-06,1.856483059885517e-06,True,0.0,quenched,0.789489349499049,1764.1410460668826,0.7425386571235374,0.022030881317473647,0.8651380479967691
7.0,8.053474575382642,1.0,180.0,0.9999999826390421,180.0,0.011101158533480052,0.0015858797904971503,1.4968973394046389e-06,5.0917254250917444e-08,False,1.0,quenched,0.789489349499049,1508.7267542247293,0.6600343618875888,0.02576051753861465,0.8351974577782915
7.0,8.053474575382642,1.0,180.0,15.297136388752437,180.0,0.33029945910774944,0.04718563701539278,1.4968973394046389e-06,1.4968973394046389e-06,True,1.0,quenched,0.789489349499049,1508.7267542247293,0.6600343618875888,0.02576051753861465,0.8351974577782915
7.0,8.053474575382642,1.0,180.0,54.52989500956587,180.0,0.5345055347666533,0.07635793353809332,1.4968973394046389e-06,1.4968973394046389e-06,True,0.0,quenched,0.789489349499049,1508.7267542247293,0.6600343618875888,0.02576051753861465,0.8351974577782915
10.0,89.90240717812033,1.0,60.0,1.0000000281336003,60.0,0.0002377378019790285,2.377378019790285e-05,2.7348383473015003e-05,3.741591495616435e-08,False,1.0,quenched,0.789489349499049,14064.190182658122,1.5557952815921736,0.0025383838443983056,1.0635568823438553
10.0,89.90240717812033,1.0,60.0,1.0000000000001876,60.0,0.15572815722077785,0.015572815722077785,2.7348383473015003e-05,1.842785399695885e-05,True,1.0,quenched,0.789489349499049,14064.190182658122,1.5557952815921736,0.0025383838443983056,1.0635568823438553
10.0,89.90240717812033,1.0,60.0,1.0000000000002596,60.325033304625585,0.3490830960520618,0.034908309605206175,2.7348383473015003e-05,2.5360172623212234e-05,True,0.0,quenched,0.789489349499049,14064.190182658122,1.5557952815921736,0.0025383838443983056,1.0635568823438553
10.0,37.512598509266326,1.0,80.0,1.0000000004422418,80.0,0.0009556801779865221,9.55680177986522e-05,9.882529539061019e-06,4.406472055382214e-08,False,1.0,quenched,0.789489349499049,5868.41149464147,1.1668464611941303,0.006083471340890649,1.008325639592166
10.0,37.512598509266326,1.0,80.0,1.0000000000000295,80.0,0.20301498538355864,0.020301498538355865,9.882529539061019e-06,8.634411589027887e-06,True,1.0,quenched,0.789489349499049,5868.41149464147,1.1668464611941303,0.006083471340890649,1.008325639592166
10.0,37.512598509266326,1.0,80.0,6.019365360644294,80.00429649295434,0.38987146429607467,0.03898714642960747,9.882529539061019e-06,9.882529539061019e-06,True,0.0,quenched,0.789489349499049,5868.41149464147,1.1668464611941303,0.006083471340890649,1.008325639592166
10.0,21.971757727045723,1.0,100.0,0.9999999511832591,100.0,0.0023396120237810097,0.00023396120237810096,5.17726943782593e-06,4.992126447420791e-08,False,1.0,quenched,0.789489349499049,3437.226977785135,0.9334771689553041,0.010386370575739242,0.9604967042395848
10.0,21.971757727045723,1.0,100.0,1.9892164642274002,100.0,0.2390560795924966,0.02390560795924966,5.17726943782593e-06,5.17726943782593e-06,True,1.0,quenched,0.789489349499049,3437.226977785135,0.9334771689553041,0.010386370575739242,0.9604967042395848
10.0,21.971757727045723,1.0,100.0,17.163124360618387,100.0,0.43647952087873965,0.04364795208787396,5.17726943782593e-06,5.17726943782593e-06,True,0.0,quenched,0.789489349499049,3437.226977785135,0.9334771689553041,0.010386370575739242,0.9604967042395848
10.0,14.93493143678139,1.0,120.0,1.0000000002187641,120.0,0.004502879152628533,0.00045028791526285325,3.212540236870591e-06,5.5209188543818084e-08,False,1.0,quenched,0.789489349499049,2336.3970185547223,0.7778976407960868,0.015280071349469786,0.9188593153286546
10.0,14.93493143678139,1.0,120.0,6.359313108971849,120.0,0.2674609688874211,0.02674609688874211,3.212540236870591e-06,3.212540236870591e-06,True,1.0,quenched,0.789489349499049,2336.3970185547223,0.7778976407960868,0.015280071349469786,0.9188593153286546
10.0,14.93493143678139,1.0,120.0,30.586516839513788,120.0,0.4774361550467282,0.04774361550467282,3.212540236870591e-06,3.212540236870591e-06,True,0.0,quenched,0.789489349499049,2336.3970185547223,0.7778976407960868,0.015280071349469786,0.9188593153286546
10.0,11.318015420697469,1.0,140.0,1.0000000000001976,140.0,0.007490404234942236,0.0007490404234942236,2.2539393682993595e-06,6.006525290237466e-08,False,1.0,quenched,0.789489349499049,1770.5724058263716,0.6667694063966458,0.02016314781972578,0.882053191717725
10.0,11.318015420697469,1.0,140.0,12.015395372073602,140.0,0.2967095477721908,0.029670954777219077,2.2539393682993595e-06,2.2539393682993595e-06,True,1.0,quenched,0.789489349499049,1770.5724058263716,0.6667694063966458,0.02016314781972578,0.882053191717725
10.0,11.318015420697469,1.0,140.0,45.54933223400957,140.0,0.5196755558920091,0.05196755558920091,2.2539393682993595e-06,2.2539393682993595e-06,True,0.0,quenched,0.789489349499049,1770.5724058263716,0.6667694063966458,0.02016314781972578,0.882053191717725
10.0,9.27640400653097,1.0,160.0,0.999999942209705,160.0,0.011243334800266567,0.0011243334800266568,1.7280473135516505e-06,6.458016847802417e-08,False,1.0,quenched,0.789489349499049,1451.1859498994017,0.5834232305970651,0.024600784721406258,0.8493165989901538
10.0,9.27640400653097,1.0,160.0,18.487155235968853,160.0,0.326880148401071,0.032688014840107096,1.7280473135516505e-06,1.7280473135516505e-06,True,1.0,quenched,0.789489349499049,1451.1859498994017,0.5834232305970651,0.024600784721406258,0.8493165989901538
10.0,9.27640400653097,1.0,160.0,61.194271388064735,160.0,0.5588988218613734,0.055889882186137343,1.7280473135516505e-06,1.7280473135516505e-06,True,0.0,quenched,0.789489349499049,1451.1859498994017,0.5834232305970651,0.024600784721406258,0.8493165989901538
10.0,7.933355974486038,1.0,180.0,1.000000002080482,180.0,0.015676977096729945,0.0015676977096729945,1.3933385560654205e-06,6.881014021952428e-08,False,1.0,quenched,0.789489349499049,1241.0816430180432,0.5185984271973912,0.0287654831936674,0.8199887957713853
10.0,7.933355974486038,1.0,180.0,25.391942188203622,180.0,0.35331837912056,0.035331837912056005,1.3933385560654205e-06,1.3933385560654205e-06,True,1.0,quenched,0.789489349499049,1241.0816430180432,0.5185984271973912,0.0287654831936674,0.8199887957713853
10.0,7.933355974486038,1.0,180.0,76.67874912427065,180.0,0.5884438430033339,0.05884438430033338,1.3933385560654205e-06,1.3933385560654205e-06,True,0.0,quenched,0.789489349499049,1241.0816430180432,0.5185984271973912,0.0287654831936674,0.8199887957713853
1.0,1047.1669277128287,0.3,60.0,0.999999900594426,60.0,2.128204711027831e-05,2.128204711027831e-05,0.00012792826665238612,6.8541776345713115e-09,False,1.0,quenched,0.789489349499049,512553.15622255544,4.356226788458086,0.0006364997489828752,7.146393686171068
1.0,1047.1669277128287,0.3,60.0,11.323765944579318,298.19339130398015,0.9745184253070837,0.9745184253070837,0.00012792826665238612,0.00012792826665238612,True,1.0,near-complete-burn,0.789489349499049,512553.15622255544,4.356226788458086,0.0006364997489828752,7.146393686171068
1.0,1047.1669277128287,0.3,60.0,67.57029407347204,330.24825885639143,0.9887728722402638,0.9887728722402638,0.00012792826665238612,0.00012792826665238612,True,0.0,near-complete-burn,0.789489349499049,512553.15622255544,4.356226788458086,0.0006364997489828752,7.146393686171068
1.0,436.9399414817155,0.3,80.0,0.9999999305439871,80.0,8.554728478793148e-05,8.554728478793148e-05,4.6227773400959394e-05,8.072787378431931e-09,False,1.0,quenched,0.789489349499049,213867.47438185764,3.267170091343565,0.0015254304387283303,6.7752765310545415
1.0,436.9399414817155,0.3,80.0,22.878487006703367,269.84783606243036,0.9397152938169767,0.9397152938169767,4.6227773400959394e-05,4.6227773400959394e-05,True,1.0,near-complete-burn,0.789489349499049,213867.47438185764,3.267170091343565,0.0015254304387283303,6.7752765310545415
1.0,436.9399414817155,0.3,80.0,96.70704143884925,317.33352097318334,0.9736319871649969,0.9736319871649969,4.6227773400959394e-05,4.6227773400959394e-05,True,0.0,near-complete-burn,0.789489349499049,213867.47438185764,3.267170091343565,0.0015254304387283303,6.7752765310545415
1.0,255.92304764316236,0.3,100.0,0.999999958853154,100.0,0.00020956532609292498,0.00020956532609292498,2.4217852065258755e-05,9.147373249013107e-09,False,1.0,quenched,0.789489349499049,125265.76455780795,2.613736073074852,0.002604382421866615,6.453897950092602
1.0,255.92304764316236,0.3,100.0,34.40017651692663,252.62736860514434,0.9002937852573117,0.9002937852573117,2.4217852065258755e-05,2.4217852065258755e-05,True,1.0,near-complete-burn,0.789489349499049,125265.76455780795,2.613736073074852,0.002604382421866615,6.453897950092602
1.0,255.92304764316236,0.3,100.0,122.06986349938592,311.0779151697641,0.9559179575959589,0.9559179575959589,2.4217852065258755e-05,2.4217852065258755e-05,True,0.0,near-complete-burn,0.789489349499049,125265.76455780795,2.613736073074852,0.002604382421866615,6.453897950092602
1.0,173.95937171371185,0.3,120.0,1.0000000547841186,120.0,0.00040396198757363034,0.00040396198757363034,1.5027385602495103e-05,1.0119893806798711e-08,False,1.0,quenched,0.789489349499049,85147.28900109764,2.178113394229043,0.0038314778908795496,6.172604026219821
1.0,173.95937171371185,0.3,120.0,45.28896381640267,243.31474340765027,0.8602452793629026,0.8602452793629026,1.5027385602495103e-05,1.5027385602495103e-05,True,1.0,quenched,0.789489349499049,85147.28900109764,2.178113394229043,0.0038314778908795496,6.172604026219821
1.0,173.95937171371185,0.3,120.0,144.3929903886129,309.4827254780974,0.9367882086493199,0.9367882086493199,1.5027385602495103e-05,1.5027385602495103e-05,True,0.0,near-complete-burn,0.789489349499049,85147.28900109764,2.178113394229043,0.0038314778908795496,6.172604026219821
1.0,131.83019017963056,0.3,140.0,0.9999999020882393,140.0,0.0006736023110194264,0.0006736023110194264,1.0543312617018935e-05,1.1015254279214589e-08,False,1.0,quenched,0.789489349499049,64526.4649539424,1.8669543379106082,0.005055909315796241,5.924054312392297
1.0,131.83019017963056,0.3,140.0,55.288568131349834,242.5143529932912,0.8274065095083515,0.8274065095083515,1.0543312617018935e-05,1.0543312617018935e-05,True,1.0,quenched,0.789489349499049,64526.4649539424,1.8669543379106082,0.005055909315796241,5.924054312392297
1.0,131.83019017963056,0.3,140.0,164.48133035456206,313.64589824145196,0.9198126578990512,0.9198126578990512,1.0543312617018935e-05,1.0543312617018935e-05,True,0.0,near-complete-burn,0.789489349499049,64526.4649539424,1.8669543379106082,0.005055909315796241,5.924054312392297
1.0,108.04987083934398,0.3,160.0,0.9999999785945533,160.0,0.0010143021705995776,0.0010143021705995776,8.083333252003862e-06,1.1849586108306565e-08,False,1.0,quenched,0.789489349499049,52886.794705316344,1.6335850456717824,0.0061686467688926196,5.702579344870704
1.0,108.04987083934398,0.3,160.0,64.56339782645908,248.99408135245682,0.8054708291769065,0.8054708291769065,8.083333252003862e-06,8.083333252003862e-06,True,1.0,quenched,0.789489349499049,52886.794705316344,1.6335850456717824,0.0061686467688926196,5.702579344870704
1.0,108.04987083934398,0.3,160.0,183.26075338849748,323.22319399339756,0.9073126605829241,0.9073126605829241,8.083333252003862e-06,8.083333252003862e-06,True,0.0,near-complete-burn,0.789489349499049,52886.794705316344,1.6335850456717824,0.0061686467688926196,5.702579344870704
1.0,92.40629103284539,0.3,180.0,0.9999999006675457,180.0,0.0014198976027007166,0.0014198976027007166,6.517657122705871e-06,1.2634011165617867e-08,False,1.0,quenched,0.789489349499049,45229.78607350902,1.4520755961526952,0.007212944910812102,5.503738067602635
1.0,92.40629103284539,0.3,180.0,73.35610651695481,259.6321189017712,0.7908638095186136,0.7908638095186136,6.517657122705871e-06,6.517657122705871e-06,True,1.0,quenched,0.789489349499049,45229.78607350902,1.4520755961526952,0.007212944910812102,5.503738067602635
1.0,92.40629103284539,0.3,180.0,201.27590591318588,335.91281428363305,0.8980531564699343,0.8980531564699343,6.517657122705871e-06,6.517657122705871e-06,True,0.0,self-heating,0.789489349499049,45229.78607350902,1.4520755961526952,0.007212944910812102,5.503738067602635
2.0,448.79674135279765,0.3,60.0,1.0000000675378848,60.0,4.4520304525714006e-05,2.2260152262857003e-05,5.1591022948151606e-05,1.0265130407111506e-08,False,1.0,quenched,0.789489349499049,162979.38027517535,3.630188990381738,0.0011093677542185186,4.19354755558725
2.0,448.79674135279765,0.3,60.0,18.92676021111931,257.5407927608037,0.9999445684073317,0.49997228420366585,5.1591022948151606e-05,5.1591022948151606e-05,True,1.0,near-complete-burn,0.789489349499049,162979.38027517535,3.630188990381738,0.0011093677542185186,4.19354755558725
2.0,448.79674135279765,0.3,60.0,85.95656423930039,295.67599590599116,0.9999999998804847,0.49999999994024236,5.1591022948151606e-05,5.1591022948151606e-05,True,0.0,near-complete-burn,0.789489349499049,162979.38027517535,3.630188990381738,0.0011093677542185186,4.19354755558725
2.0,187.264529383278,0.3,80.0,1.000000000015248,80.0,0.00017900064425114206,8.950032212557103e-05,1.864277677466964e-05,1.2090827152962977e-08,False,1.0,quenched,0.789489349499049,68004.63134917716,2.722641742786304,0.0026587022897225795,3.9757737374883404
2.0,187.264529383278,0.3,80.0,35.39930177103703,217.5253755469543,0.9881933374839504,0.4940966687419752,1.864277677466964e-05,1.864277677466964e-05,True,1.0,near-complete-burn,0.789489349499049,68004.63134917716,2.722641742786304,0.0026587022897225795,3.9757737374883404
2.0,187.264529383278,0.3,80.0,117.86666391009565,282.15098503307274,0.9999577176291155,0.4999788588145577,1.864277677466964e-05,1.864277677466964e-05,True,0.0,near-complete-burn,0.789489349499049,68004.63134917716,2.722641742786304,0.0026587022897225795,3.9757737374883404
2.0,109.68397375783637,0.3,100.0,0.9999999956075925,100.0,0.00043859170743634865,0.00021929585371817433,9.766596502465789e-06,1.3701235345879503e-08,False,1.0,quenched,0.789489349499049,39831.452463952555,2.178113394229043,0.004539228621989741,3.787186819135521
2.0,109.68397375783637,0.3,100.0,51.2840201627352,191.93045660474658,0.9361296398781765,0.4680648199390883,9.766596502465789e-06,9.766596502465789e-06,True,1.0,near-complete-burn,0.789489349499049,39831.452463952555,2.178113394229043,0.004539228621989741,3.787186819135521
2.0,109.68397375783637,0.3,100.0,146.8867287675808,272.72872611567954,0.9978914467150859,0.49894572335754295,9.766596502465789e-06,9.766596502465789e-06,True,0.0,near-complete-burn,0.789489349499049,39831.452463952555,2.178113394229043,0.004539228621989741,3.787186819135521
2.0,74.5558297218342,0.3,120.0,0.999999994873118,120.0,0.0008455684491509943,0.00042278422457549714,6.060257171901481e-06,1.515904720756957e-08,False,1.0,quenched,0.789489349499049,27074.75746668608,1.815094495190869,0.006677957108286794,3.6221218229065957
2.0,74.5558297218342,0.3,120.0,62.63470701740821,179.51543372556995,0.8567403176807183,0.42837015884035917,6.060257171901481e-06,6.060257171901481e-06,True,1.0,finite-burn,0.789489349499049,27074.75746668608,1.815094495190869,0.006677957108286794,3.6221218229065957
2.0,74.5558297218342,0.3,120.0,172.10228530634382,267.49466833290444,0.9870744337548083,0.49353721687740415,6.060257171901481e-06,6.060257171901481e-06,True,0.0,near-complete-burn,0.789489349499049,27074.75746668608,1.815094495190869,0.006677957108286794,3.6221218229065957
2.0,56.50002707186619,0.3,140.0,0.9999999735476528,140.0,0.0014100897430909106,0.0007050448715454553,4.251916307536515e-06,1.6501560056673558e-08,False,1.0,quenched,0.789489349499049,20517.839256022446,1.5557952815921736,0.008812042380472748,3.476271329547928
2.0,56.50002707186619,0.3,140.0,70.47867104523691,179.56268313938574,0.7879975479605411,0.39399877398027056,4.251916307536515e-06,4.251916307536515e-06,True,1.0,finite-burn,0.789489349499049,20517.839256022446,1.5557952815921736,0.008812042380472748,3.476271329547928
2.0,56.50002707186619,0.3,140.0,192.65171952412646,268.9909899929676,0.9683843380517964,0.4841921690258982,4.251916307536515e-06,4.251916307536515e-06,True,0.0,near-complete-burn,0.789489349499049,20517.839256022446,1.5557952815921736,0.008812042380472748,3.476271329547928
2.0,46.30821376511867,0.3,160.0,0.9999999131910803,160.0,0.0021232732951522158,0.0010616366475761079,3.2598536837433952e-06,1.7752922507095423e-08,False,1.0,quenched,0.789489349499049,16816.708513390233,1.361320871393152,0.010751454063429401,3.346308463036502
2.0,46.30821376511867,0.3,160.0,77.75739294472973,188.0500348045657,0.7458843016683544,0.3729421508341772,3.2598536837433952e-06,3.2598536837433952e-06,True,1.0,quenched,0.789489349499049,16816.708513390233,1.361320871393152,0.010751454063429401,3.346308463036502
2.0,46.30821376511867,0.3,160.0,210.58112708069385,277.3196169544262,0.9510179383430771,0.47550896917153856,3.2598536837433952e-06,3.2598536837433952e-06,True,0.0,near-complete-burn,0.789489349499049,16816.708513390233,1.361320871393152,0.010751454063429401,3.346308463036502
2.0,39.60365935793982,0.3,180.0,1.0000000156706874,180.0,0.002971965857648963,0.0014859829288244816,2.6284464488164043e-06,1.892956650347628e-08,False,1.0,quenched,0.789489349499049,14381.966855040637,1.2100629967939127,0.012571581543899086,3.2296271844986397
2.0,39.60365935793982,0.3,180.0,85.20214235480016,200.74817515714196,0.7209184612594818,0.3604592306297409,2.6284464488164043e-06,2.6284464488164043e-06,True,1.0,quenched,0.789489349499049,14381.966855040637,1.2100629967939127,0.012571581543899086,3.2296271844986397
2.0,39.60365935793982,0.3,180.0,227.59073645017696,289.67010039323316,0.9376526442924223,0.46882632214621117,2.6284464488164043e-06,2.6284464488164043e-06,True,0.0,near-complete-burn,0.789489349499049,14381.966855040637,1.2100629967939127,0.012571581543899086,3.2296271844986397
3.0,363.73031521853693,0.3,60.0,0.9999999014049653,60.0,6.877999152712348e-05,2.2926663842374494e-05,3.983293799679385e-05,1.3760786325058791e-08,False,1.0,quenched,0.789489349499049,107440.80157238062,3.1115905631843472,0.0014688455745758657,3.8410738560254636
3.0,363.73031521853693,0.3,60.0,24.00541803919099,221.03920970003773,0.9999196745025557,0.3333065581675186,3.983293799679385e-05,3.983293799679385e-05,True,1.0,near-complete-burn,0.789489349499049,107440.80157238062,3.1115905631843472,0.0014688455745758657,3.8410738560254636
3.0,363.73031521853693,0.3,60.0,95.65923518621511,259.9929387745563,0.9999999999313085,0.3333333333104362,3.983293799679385e-05,3.983293799679385e-05,True,0.0,near-complete-burn,0.789489349499049,107440.80157238062,3.1115905631843472,0.0014688455745758657,3.8410738560254636
3.0,151.7697880259043,0.3,80.0,1.0000000000436795,80.0,0.00027657805890012185,9.219268630004062e-05,1.4393910585951852e-05,1.6208638505661335e-08,False,1.0,quenched,0.789489349499049,44830.653365189806,2.3336929223882605,0.0035202240893730703,3.641604240350766
3.0,151.7697880259043,0.3,80.0,41.93340984271892,184.0215698006683,0.9841980175599047,0.32806600585330153,1.4393910585951852e-05,1.4393910585951852e-05,True,1.0,near-complete-burn,0.789489349499049,44830.653365189806,2.3336929223882605,0.0035202240893730703,3.641604240350766
3.0,151.7697880259043,0.3,80.0,126.38740357303755,250.1058294693076,0.9999588793441957,0.33331962644806523,1.4393910585951852e-05,1.4393910585951852e-05,True,0.0,near-complete-burn,0.789489349499049,44830.653365189806,2.3336929223882605,0.0035202240893730703,3.641604240350766
3.0,88.89410878765254,0.3,100.0,1.000000001375347,100.0,0.0006777373912638457,0.00022591246375461524,7.540696243092455e-06,1.8368099401936554e-08,False,1.0,quenched,0.789489349499049,26258.065120223582,1.8669543379106082,0.006010113281230649,3.468868323547269
3.0,88.89410878765254,0.3,100.0,57.44426617155693,162.4365508186013,0.9150699838327055,0.3050233279442352,7.540696243092455e-06,7.540696243092455e-06,True,1.0,near-complete-burn,0.789489349499049,26258.065120223582,1.8669543379106082,0.006010113281230649,3.468868323547269
3.0,88.89410878765254,0.3,100.0,153.93216484538735,244.16720873857753,0.9976637247788874,0.3325545749262958,7.540696243092455e-06,7.540696243092455e-06,True,0.0,near-complete-burn,0.789489349499049,26258.065120223582,1.8669543379106082,0.006010113281230649,3.468868323547269
3.0,60.42426993645387,0.3,120.0,1.0000000244513791,120.0,0.0013066333912938042,0.0004355444637646014,4.679066906961294e-06,2.0323005680217787e-08,False,1.0,quenched,0.789489349499049,17848.4765354187,1.5557952815921736,0.008841872055875883,3.3176772775043726
3.0,60.42426993645387,0.3,120.0,66.14221569909981,155.47171933855157,0.8163007821589604,0.2721002607196535,4.679066906961294e-06,4.679066906961294e-06,True,1.0,finite-burn,0.789489349499049,17848.4765354187,1.5557952815921736,0.008841872055875883,3.3176772775043726
3.0,60.42426993645387,0.3,120.0,177.40576905439997,242.06311157993693,0.9851276327385793,0.3283758775795264,4.679066906961294e-06,4.679066906961294e-06,True,0.0,near-complete-burn,0.789489349499049,17848.4765354187,1.5557952815921736,0.008841872055875883,3.3176772775043726
3.0,45.790824137359024,0.3,140.0,1.0000000000356886,140.0,0.002178807549345548,0.0007262691831151826,3.2828641295961483e-06,2.2123373015505284e-08,False,1.0,quenched,0.789489349499049,13525.963176926414,1.3335388127932917,0.011667483036452863,3.1840857277478936
3.0,45.790824137359024,0.3,140.0,72.19435367087381,160.717387847875,0.7427134570778495,0.24757115235928318,3.2828641295961483e-06,3.2828641295961483e-06,True,1.0,finite-burn,0.789489349499049,13525.963176926414,1.3335388127932917,0.011667483036452863,3.1840857277478936
3.0,45.790824137359024,0.3,140.0,196.3724098307066,245.98086897467903,0.9636179971221208,0.32120599904070696,3.2828641295961483e-06,3.2828641295961483e-06,True,0.0,near-complete-burn,0.789489349499049,13525.963176926414,1.3335388127932917,0.011667483036452863,3.1840857277478936
3.0,37.53080100185761,0.3,160.0,0.9999999886284523,160.0,0.0032802444597155728,0.0010934148199051909,2.516902015950876e-06,2.3801613071461158e-08,False,1.0,quenched,0.789489349499049,11086.068921339074,1.1668464611941303,0.014235338697444507,3.0650464269663735
3.0,37.53080100185761,0.3,160.0,78.98125287964082,172.74757277597985,0.7035850000898329,0.23452833336327764,2.516902015950876e-06,2.516902015950876e-06,True,1.0,quenched,0.789489349499049,11086.068921339074,1.1668464611941303,0.014235338697444507,3.0650464269663735
3.0,37.53080100185761,0.3,160.0,213.35372686793403,255.990545582621,0.9444528099169606,0.3148176033056535,2.516902015950876e-06,2.516902015950876e-06,True,0.0,near-complete-burn,0.789489349499049,11086.068921339074,1.1668464611941303,0.014235338697444507,3.0650464269663735
3.0,32.097050122623884,0.3,180.0,0.9999999005836242,180.0,0.004590162301987077,0.001530054100662359,2.0293984968822556e-06,2.537950075253039e-08,False,1.0,quenched,0.789489349499049,9481.015601384877,1.0371968543947825,0.016645257486489467,2.958172377599202
3.0,32.097050122623884,0.3,180.0,86.39345911423433,187.86398183623544,0.682057811024747,0.2273526036749157,2.0293984968822556e-06,2.0293984968822556e-06,True,1.0,quenched,0.789489349499049,9481.015601384877,1.0371968543947825,0.016645257486489467,2.958172377599202
3.0,32.097050122623884,0.3,180.0,229.96829539189733,269.6066000593314,0.9306301633355608,0.31021005444518696,2.0293984968822556e-06,2.0293984968822556e-06,True,0.0,near-complete-burn,0.789489349499049,9481.015601384877,1.0371968543947825,0.016645257486489467,2.958172377599202
4.0,332.0146878892037,0.3,60.0,0.9999999058975284,60.0,9.348947112000373e-05,2.337236778000093e-05,3.4943364020526024e-05,1.7278503491846624e-08,False,1.0,quenched,0.789489349499049,84041.43823568558,2.722641742786304,0.0017468260692497435,3.7235913171632
4.0,332.0146878892037,0.3,60.0,27.701081725633276,193.3265044710181,0.9998013723995867,0.24995034309989667,3.4943364020526024e-05,3.4943364020526024e-05,True,1.0,near-complete-burn,0.789489349499049,84041.43823568558,2.722641742786304,0.0017468260692497435,3.7235913171632
4.0,332.0146878892037,0.3,60.0,100.90745605296175,232.87576632443873,0.9999999997289054,0.24999999993222635,3.4943364020526024e-05,3.4943364020526024e-05,True,0.0,near-complete-burn,0.789489349499049,84041.43823568558,2.722641742786304,0.0017468260692497435,3.7235913171632
4.0,138.5361535569449,0.3,80.0,1.0000000359438168,80.0,0.00037596268951667653,9.399067237916913e-05,1.2627028850452925e-05,2.0352244271169e-08,False,1.0,quenched,0.789489349499049,35067.055817876164,2.041981307089728,0.00418643002052372,3.5302226507942756
4.0,138.5361535569449,0.3,80.0,46.29707106941785,159.18254694970992,0.9746039148055037,0.24365097870137592,1.2627028850452925e-05,1.2627028850452925e-05,True,1.0,near-complete-burn,0.789489349499049,35067.055817876164,2.041981307089728,0.00418643002052372,3.5302226507942756
4.0,138.5361535569449,0.3,80.0,130.2544735216547,225.89936877003615,0.9999211760206008,0.2499802940051502,1.2627028850452925e-05,1.2627028850452925e-05,True,0.0,near-complete-burn,0.789489349499049,35067.055817876164,2.041981307089728,0.00418643002052372,3.5302226507942756
4.0,81.14294725912148,0.3,100.0,1.0000000402174367,100.0,0.0009212677666222518,0.00023031694165556295,6.615060476126603e-06,2.3063808046605833e-08,False,1.0,quenched,0.789489349499049,20539.36238090357,1.6335850456717824,0.007147533233253145,3.362770010183695
4.0,81.14294725912148,0.3,100.0,59.62529746817957,142.15875186431234,0.87973824671501,0.2199345616787525,6.615060476126603e-06,6.615060476126603e-06,True,1.0,finite-burn,0.789489349499049,20539.36238090357,1.6335850456717824,0.007147533233253145,3.362770010183695
4.0,81.14294725912148,0.3,100.0,156.22070421067988,223.02540618967646,0.9964864066196929,0.24912160165492322,6.615060476126603e-06,6.615060476126603e-06,True,0.0,near-complete-burn,0.789489349499049,20539.36238090357,1.6335850456717824,0.007147533233253145,3.362770010183695
4.0,55.15554872524497,0.3,120.0,0.9999999006868454,120.0,0.001775968015391249,0.00044399200384781225,4.104701948410272e-06,2.55181916008222e-08,False,1.0,quenched,0.789489349499049,13961.284878742716,1.361320871393152,0.010515205189377838,3.2162032719797384
4.0,55.15554872524497,0.3,120.0,65.73251502671862,141.34706382805393,0.7701834611181618,0.19254586527954046,4.104701948410272e-06,4.104701948410272e-06,True,1.0,finite-burn,0.789489349499049,13961.284878742716,1.361320871393152,0.010515205189377838,3.2162032719797384
4.0,55.15554872524497,0.3,120.0,177.81027469389306,223.8183384105753,0.9803042073090789,0.24507605182726971,4.104701948410272e-06,4.104701948410272e-06,True,0.0,near-complete-burn,0.789489349499049,13961.284878742716,1.361320871393152,0.010515205189377838,3.2162032719797384
4.0,41.79807276998687,0.3,140.0,1.000000012427234,140.0,0.0029608523899248423,0.0007402130974812106,2.8798858954275195e-06,2.7778230740395115e-08,False,1.0,quenched,0.789489349499049,10580.164911986623,1.1668464611941303,0.01387556587525555,3.086697734370959
4.0,41.79807276998687,0.3,140.0,71.35794119436606,151.10654988269076,0.7033275464698441,0.17583188661746102,2.8798858954275195e-06,2.8798858954275195e-06,True,1.0,finite-burn,0.789489349499049,10580.164911986623,1.1668464611941303,0.01387556587525555,3.086697734370959
4.0,41.79807276998687,0.3,140.0,195.3726684738642,229.9762154320106,0.9552111220040788,0.2388027805010197,2.8798858954275195e-06,2.8798858954275195e-06,True,0.0,near-complete-burn,0.789489349499049,10580.164911986623,1.1668464611941303,0.01387556587525555,3.086697734370959
4.0,34.25828604189031,0.3,160.0,1.000000000556329,160.0,0.004456381158946915,0.0011140952897367288,2.207947185679506e-06,2.988472608663578e-08,False,1.0,quenched,0.789489349499049,8671.651392153955,1.020990653544864,0.01692939078941371,2.971299352718933
4.0,34.25828604189031,0.3,160.0,78.42874671726234,165.78904048872027,0.6721029134062868,0.1680257283515717,2.207947185679506e-06,2.207947185679506e-06,True,1.0,quenched,0.789489349499049,8671.651392153955,1.020990653544864,0.01692939078941371,2.971299352718933
4.0,34.25828604189031,0.3,160.0,211.749443345163,241.46101566183043,0.9344914498392147,0.23362286245980368,2.207947185679506e-06,2.207947185679506e-06,True,0.0,near-complete-burn,0.789489349499049,8671.651392153955,1.020990653544864,0.01692939078941371,2.971299352718933
4.0,29.298333498059748,0.3,180.0,0.999999902015485,180.0,0.006233617789097072,0.001558404447274268,1.7802857129186117e-06,3.186474382567748e-08,False,1.0,quenched,0.789489349499049,7416.160112492943,0.9075472475954345,0.0197953891205821,2.8676941378310703
4.0,29.298333498059748,0.3,180.0,86.15450241824145,182.70545538661392,0.6558627359764874,0.16396568399412184,1.7802857129186117e-06,1.7802857129186117e-06,True,1.0,quenched,0.789489349499049,7416.160112492943,0.9075472475954345,0.0197953891205821,2.8676941378310703
4.0,29.298333498059748,0.3,180.0,228.25535539642004,256.1098354498244,0.9205776487193503,0.23014441217983758,1.7802857129186117e-06,1.7802857129186117e-06,True,0.0,near-complete-burn,0.789489349499049,7416.160112492943,0.9075472475954345,0.0197953891205821,2.8676941378310703
5.0,316.8410327318737,0.3,60.0,0.9999999931519017,60.0,0.00011828730457918001,2.3657460915836003e-05,3.225601943129751e-05,2.0779205973840833e-08,False,1.0,quenched,0.789489349499049,71051.88104614921,2.4201259935878254,0.001964505398095293,3.669102471395412
5.0,316.8410327318737,0.3,60.0,30.469338871524563,171.49866850034581,0.9994981129588432,0.19989962259176863,3.225601943129751e-05,3.225601943129751e-05,True,1.0,near-complete-burn,0.789489349499049,71051.88104614921,2.4201259935878254,0.001964505398095293,3.669102471395412
5.0,316.8410327318737,0.3,60.0,103.47780839053007,211.7984180420816,0.9999999985630951,0.199999999712619,3.225601943129751e-05,3.225601943129751e-05,True,0.0,near-complete-burn,0.789489349499049,71051.88104614921,2.4201259935878254,0.001964505398095293,3.669102471395412
5.0,132.20480769312132,0.3,80.0,0.9999999027431508,80.0,0.00047568901584247756,9.513780316849552e-05,1.165593809801809e-05,2.4475502512367583e-08,False,1.0,quenched,0.789489349499049,29647.04473075569,1.815094495190869,0.0047081186380504,3.4785634483843757
5.0,132.20480769312132,0.3,80.0,49.11639744848906,139.35907577934196,0.9575614411024627,0.19151228822049254,1.165593809801809e-05,1.165593809801809e-05,True,1.0,near-complete-burn,0.789489349499049,29647.04473075569,1.815094495190869,0.0047081186380504,3.4785634483843757
5.0,132.20480769312132,0.3,80.0,131.52746107682466,207.21975194174075,0.9998385968968584,0.1999677193793717,1.165593809801809e-05,1.165593809801809e-05,True,0.0,near-complete-burn,0.789489349499049,29647.04473075569,1.815094495190869,0.0047081186380504,3.4785634483843757
5.0,77.43457186167463,0.3,100.0,0.9999999311166987,100.0,0.0011655547402494586,0.0002331109480498917,6.106324483578895e-06,2.7735879376590943e-08,False,1.0,quenched,0.789489349499049,17364.7710378193,1.4520755961526952,0.008038217351440167,3.3135612112500277
5.0,77.43457186167463,0.3,100.0,59.23419714487577,127.65789847479141,0.8335777101472813,0.16671554202945627,6.106324483578895e-06,6.106324483578895e-06,True,1.0,finite-burn,0.789489349499049,17364.7710378193,1.4520755961526952,0.008038217351440167,3.3135612112500277
5.0,77.43457186167463,0.3,100.0,156.04160854440428,206.88449398175524,0.9946886499813772,0.19893772999627543,6.106324483578895e-06,6.106324483578895e-06,True,0.0,near-complete-burn,0.789489349499049,17364.7710378193,1.4520755961526952,0.008038217351440167,3.3135612112500277
5.0,52.63484314534767,0.3,120.0,0.9999999493144383,120.0,0.0022464959009347416,0.0004492991801869483,3.789026887332108e-06,3.068626816175784e-08,False,1.0,quenched,0.789489349499049,11803.409999647265,1.2100629967939127,0.01182554904592453,3.16913924450793
5.0,52.63484314534767,0.3,120.0,63.98981326977571,132.60659733335012,0.7257697210557479,0.14515394421114958,3.789026887332108e-06,3.789026887332108e-06,True,1.0,finite-burn,0.789489349499049,11803.409999647265,1.2100629967939127,0.01182554904592453,3.16913924450793
5.0,52.63484314534767,0.3,120.0,176.03534963794633,210.05953214953865,0.9743487426063439,0.19486974852126876,3.789026887332108e-06,3.789026887332108e-06,True,0.0,near-complete-burn,0.789489349499049,11803.409999647265,1.2100629967939127,0.01182554904592453,3.16913924450793
5.0,39.88782733330182,0.3,140.0,0.999999902623244,140.0,0.0037442786441361565,0.0007488557288272313,2.658406195472858e-06,3.340228856335209e-08,False,1.0,quenched,0.789489349499049,8944.880460838092,1.0371968543947825,0.015604658382087156,3.0415288147839266
5.0,39.88782733330182,0.3,140.0,69.9839145523281,145.70787963888836,0.6705315972682402,0.13410631945364804,2.658406195472858e-06,2.658406195472858e-06,True,1.0,quenched,0.789489349499049,8944.880460838092,1.0371968543947825,0.015604658382087156,3.0415288147839266
5.0,39.88782733330182,0.3,140.0,192.6287796049367,218.02854687261944,0.9460481744836543,0.18920963489673087,2.658406195472858e-06,2.658406195472858e-06,True,0.0,near-complete-burn,0.789489349499049,8944.880460838092,1.0371968543947825,0.015604658382087156,3.0415288147839266
5.0,32.6926221190512,0.3,160.0,1.000000069133996,160.0,0.005633485777435836,0.0011266971554871673,2.038143416378624e-06,3.5933173690874887e-08,False,1.0,quenched,0.789489349499049,7331.349345320623,0.9075472475954345,0.019039033237322894,2.927819105191776
5.0,32.6926221190512,0.3,160.0,77.51462760194667,162.28505472972887,0.6475830472978055,0.1295166094595611,2.038143416378624e-06,2.038143416378624e-06,True,1.0,quenched,0.789489349499049,7331.349345320623,0.9075472475954345,0.019039033237322894,2.927819105191776
5.0,32.6926221190512,0.3,160.0,208.7176333925995,230.66873951598947,0.9242600183011875,0.18485200366023752,2.038143416378624e-06,2.038143416378624e-06,True,0.0,near-complete-burn,0.789489349499049,7331.349345320623,0.9075472475954345,0.019039033237322894,2.927819105191776
5.0,27.959348129640265,0.3,180.0,0.9999999016829494,180.0,0.007876590955647852,0.0015753181911295703,1.643371557341537e-06,3.831118527561598e-08,False,1.0,quenched,0.789489349499049,6269.908478414163,0.8067086645292751,0.022262175650654623,2.825729988096047
5.0,27.959348129640265,0.3,180.0,85.57008865021825,180.5727012878149,0.6363298267259119,0.12726596534518236,1.643371557341537e-06,1.643371557341537e-06,True,1.0,quenched,0.789489349499049,6269.908478414163,0.8067086645292751,0.022262175650654623,2.825729988096047
5.0,27.959348129640265,0.3,180.0,225.27888345152093,246.09351195209555,0.9104999995302365,0.1820999999060473,1.643371557341537e-06,1.643371557341537e-06,True,0.0,near-complete-burn,0.789489349499049,6269.908478414163,0.8067086645292751,0.022262175650654623,2.825729988096047
7.0,304.2120521685849,0.3,60.0,1.0000000001438207,60.0,0.00016729470934410213,2.389924419201459e-05,2.9381030388892678e-05,2.763936032533084e-08,False,1.0,quenched,0.789489349499049,56990.66381451214,1.9801030856627664,0.002273213389224554,3.611844628035593
7.0,304.2120521685849,0.3,60.0,34.35270311854002,138.20816110157045,0.9971924961223363,0.14245607087461948,2.9381030388892678e-05,2.9381030388892678e-05,True,1.0,near-complete-burn,0.789489349499049,56990.66381451214,1.9801030856627664,0.002273213389224554,3.611844628035593
7.0,304.2120521685849,0.3,60.0,104.36659584853243,181.23599987295748,0.9999999675908378,0.14285713822726254,2.9381030388892678e-05,2.9381030388892678e-05,True,0.0,near-complete-burn,0.789489349499049,56990.66381451214,1.9801030856627664,0.002273213389224554,3.611844628035593
7.0,126.93525048856984,0.3,80.0,0.9999999391663069,80.0,0.0006727067032842585,9.610095761203694e-05,1.0617040710752872e-05,3.255447973476195e-08,False,1.0,quenched,0.789489349499049,23779.873727014747,1.4850773142470748,0.0054479658526011806,3.424279044337998
7.0,126.93525048856984,0.3,80.0,50.41080436527817,110.53511818815784,0.8905410135018187,0.1272201447859741,1.0617040710752872e-05,1.0617040710752872e-05,True,1.0,finite-burn,0.789489349499049,23779.873727014747,1.4850773142470748,0.0054479658526011806,3.424279044337998
7.0,126.93525048856984,0.3,80.0,130.28341229102006,180.33764112300057,0.9994288471621764,0.14277554959459662,1.0617040710752872e-05,1.0617040710752872e-05,True,0.0,near-complete-burn,0.789489349499049,23779.873727014747,1.4850773142470748,0.0054479658526011806,3.424279044337998
7.0,74.34810387949493,0.3,100.0,0.9999999996161923,100.0,0.0016478403261235305,0.00023540576087479007,5.5620658835042765e-06,3.688802818969805e-08,False,1.0,quenched,0.789489349499049,13928.270636347523,1.18806185139766,0.009301365792380766,3.261851734538472
7.0,74.34810387949493,0.3,100.0,55.11568302123357,111.04905684041944,0.7353571303293405,0.10505101861847721,5.5620658835042765e-06,5.5620658835042765e-06,True,1.0,finite-burn,0.789489349499049,13928.270636347523,1.18806185139766,0.009301365792380766,3.261851734538472
7.0,74.34810387949493,0.3,100.0,152.39700590489238,183.8802762333735,0.989443042305679,0.14134900604366843,5.5620658835042765e-06,5.5620658835042765e-06,True,0.0,near-complete-burn,0.789489349499049,13928.270636347523,1.18806185139766,0.009301365792380766,3.261851734538472
7.0,50.536868633325184,0.3,120.0,1.0000000000000284,120.0,0.003174468958914651,0.00045349556555923583,3.4513097426094265e-06,4.080659137933187e-08,False,1.0,quenched,0.789489349499049,9467.506859077104,0.9900515428313832,0.013683849610284102,3.1196835316020737
7.0,50.536868633325184,0.3,120.0,60.285346787777975,123.88111460519615,0.6543664938112176,0.09348092768731679,3.4513097426094265e-06,3.4513097426094265e-06,True,1.0,finite-burn,0.789489349499049,9467.506859077104,0.9900515428313832,0.013683849610284102,3.1196835316020737
7.0,50.536868633325184,0.3,120.0,170.18953437406486,190.6265463734445,0.9611187507443414,0.13730267867776305,3.4513097426094265e-06,3.4513097426094265e-06,True,0.0,near-complete-burn,0.789489349499049,9467.506859077104,0.9900515428313832,0.013683849610284102,3.1196835316020737
7.0,38.29793668132183,0.3,140.0,0.999999963917402,140.0,0.005287229118409801,0.0007553184454871145,2.4214616245990617e-06,4.4410919496574796e-08,False,1.0,quenched,0.789489349499049,7174.682326475159,0.8486156081411855,0.018056818984986574,2.9940645147789593
7.0,38.29793668132183,0.3,140.0,67.46494007502875,140.97255899655505,0.6217358452298329,0.08881940646140471,2.4214616245990617e-06,2.4214616245990617e-06,True,1.0,quenched,0.789489349499049,7174.682326475159,0.8486156081411855,0.018056818984986574,2.9940645147789593
7.0,38.29793668132183,0.3,140.0,185.85505416855395,201.24836972541337,0.9283591257469879,0.1326227322495697,2.4214616245990617e-06,2.4214616245990617e-06,True,0.0,near-complete-burn,0.789489349499049,7174.682326475159,0.8486156081411855,0.018056818984986574,2.9940645147789593
7.0,31.389525465992882,0.3,160.0,0.9999999057277311,160.0,0.007948032943310928,0.001135433277615847,1.856483059885517e-06,4.7767052245618124e-08,False,1.0,quenched,0.789489349499049,5880.470153556275,0.7425386571235374,0.022030881317473647,2.8821292916698322
7.0,31.389525465992882,0.3,160.0,75.75078908417176,160.02667105290828,0.612020947070859,0.08743156386726557,1.856483059885517e-06,1.856483059885517e-06,True,1.0,quenched,0.789489349499049,5880.470153556275,0.7425386571235374,0.022030881317473647,2.8821292916698322
7.0,31.389525465992882,0.3,160.0,201.90020080539713,215.52474671716521,0.9056520777403507,0.12937886824862152,1.856483059885517e-06,1.856483059885517e-06,True,0.0,near-complete-burn,0.789489349499049,5880.470153556275,0.7425386571235374,0.022030881317473647,2.8821292916698322
7.0,26.844915251275477,0.3,180.0,0.9999999826390421,180.0,0.011101158533480052,0.0015858797904971503,1.4968973394046389e-06,5.0917254250917444e-08,False,1.0,quenched,0.789489349499049,5029.089180749098,0.6600343618875888,0.02576051753861465,2.7816333169627345
7.0,26.844915251275477,0.3,180.0,84.28412948679346,180.0,0.6085504429498648,0.0869357775642664,1.4968973394046389e-06,1.4968973394046389e-06,True,1.0,quenched,0.789489349499049,5029.089180749098,0.6600343618875888,0.02576051753861465,2.7816333169627345
7.0,26.844915251275477,0.3,180.0,218.75460610112015,231.99823837194577,0.8925470706237149,0.12750672437481642,1.4968973394046389e-06,1.4968973394046389e-06,True,0.0,self-heating,0.789489349499049,5029.089180749098,0.6600343618875888,0.02576051753861465,2.7816333169627345
10.0,299.67469059373445,0.3,60.0,1.0000000281336003,60.0,0.0002377378019790285,2.377378019790285e-05,2.7348383473015003e-05,3.741591495616435e-08,False,1.0,quenched,0.789489349499049,46880.633942193745,1.5557952815921736,0.0025383838443983056,3.5451896078128495
10.0,299.67469059373445,0.3,60.0,37.80545448856849,102.90776139392581,0.9767098259509607,0.09767098259509607,2.7348383473015003e-05,2.7348383473015003e-05,True,1.0,near-complete-burn,0.789489349499049,46880.633942193745,1.5557952815921736,0.0025383838443983056,3.5451896078128495
10.0,299.67469059373445,0.3,60.0,101.46226550691323,151.65245605550427,0.9999986161448474,0.09999986161448474,2.7348383473015003e-05,2.7348383473015003e-05,True,0.0,near-complete-burn,0.789489349499049,46880.633942193745,1.5557952815921736,0.0025383838443983056,3.5451896078128495
10.0,125.04199503088776,0.3,80.0,1.0000000004422418,80.0,0.0009556801779865221,9.55680177986522e-05,9.882529539061019e-06,4.406472055382214e-08,False,1.0,quenched,0.789489349499049,19561.371648804903,1.1668464611941303,0.006083471340890649,3.36108546530722
10.0,125.04199503088776,0.3,80.0,44.883164360612184,89.48273330190997,0.7430039925239041,0.07430039925239042,9.882529539061019e-06,9.882529539061019e-06,True,1.0,finite-burn,0.789489349499049,19561.371648804903,1.1668464611941303,0.006083471340890649,3.36108546530722
10.0,125.04199503088776,0.3,80.0,125.11219639486528,154.5176236017155,0.99757193220477,0.099757193220477,9.882529539061019e-06,9.882529539061019e-06,True,0.0,near-complete-burn,0.789489349499049,19561.371648804903,1.1668464611941303,0.006083471340890649,3.36108546530722
10.0,73.23919242348575,0.3,100.0,0.9999999511832591,100.0,0.0023396120237810097,0.00023396120237810096,5.17726943782593e-06,4.992126447420791e-08,False,1.0,quenched,0.789489349499049,11457.423259283785,0.9334771689553041,0.010386370575739242,3.2016556807986154
10.0,73.23919242348575,0.3,100.0,49.52951680493515,102.20838319874044,0.6284881216795022,0.06284881216795021,5.17726943782593e-06,5.17726943782593e-06,True,1.0,quenched,0.789489349499049,11457.423259283785,0.9334771689553041,0.010386370575739242,3.2016556807986154
10.0,73.23919242348575,0.3,100.0,144.69996404644868,162.06608320729708,0.9780244645100027,0.09780244645100027,5.17726943782593e-06,5.17726943782593e-06,True,0.0,near-complete-burn,0.789489349499049,11457.423259283785,0.9334771689553041,0.010386370575739242,3.2016556807986154
10.0,49.783104789271306,0.3,120.0,1.0000000002187641,120.0,0.004502879152628533,0.00045028791526285325,3.212540236870591e-06,5.5209188543818084e-08,False,1.0,quenched,0.789489349499049,7787.990061849075,0.7778976407960868,0.015280071349469786,3.06211113015562
10.0,49.783104789271306,0.3,120.0,56.64672191900587,120.17980175461908,0.5870379463087054,0.05870379463087054,3.212540236870591e-06,3.212540236870591e-06,True,1.0,quenched,0.789489349499049,7787.990061849075,0.7778976407960868,0.015280071349469786,3.06211113015562
10.0,49.783104789271306,0.3,120.0,160.9993817557929,172.38100387333483,0.9410713327182605,0.09410713327182604,3.212540236870591e-06,3.212540236870591e-06,True,0.0,near-complete-burn,0.789489349499049,7787.990061849075,0.7778976407960868,0.015280071349469786,3.06211113015562
10.0,37.726718068991566,0.3,140.0,1.0000000000001976,140.0,0.007490404234942236,0.0007490404234942236,2.2539393682993595e-06,6.006525290237466e-08,False,1.0,quenched,0.789489349499049,5901.908019421239,0.6667694063966458,0.02016314781972578,2.9388103576007407
10.0,37.726718068991566,0.3,140.0,64.94403737053435,140.0,0.5758989498125718,0.05758989498125718,2.2539393682993595e-06,2.2539393682993595e-06,True,1.0,quenched,0.789489349499049,5901.908019421239,0.6667694063966458,0.02016314781972578,2.9388103576007407
10.0,37.726718068991566,0.3,140.0,176.57205735222925,185.5664013805991,0.9058673729303782,0.09058673729303782,2.2539393682993595e-06,2.2539393682993595e-06,True,0.0,near-complete-burn,0.789489349499049,5901.908019421239,0.6667694063966458,0.02016314781972578,2.9388103576007407
10.0,30.92134668843657,0.3,160.0,0.999999942209705,160.0,0.011243334800266567,0.0011243334800266568,1.7280473135516505e-06,6.458016847802417e-08,False,1.0,quenched,0.789489349499049,4837.286499664673,0.5834232305970651,0.024600784721406258,2.8289408503039875
10.0,30.92134668843657,0.3,160.0,73.80067155021807,160.0,0.578195012419125,0.0578195012419125,1.7280473135516505e-06,1.7280473135516505e-06,True,1.0,quenched,0.789489349499049,4837.286499664673,0.5834232305970651,0.024600784721406258,2.8289408503039875
10.0,30.92134668843657,0.3,160.0,193.03159033254872,201.36428818005768,0.8836117174046751,0.08836117174046751,1.7280473135516505e-06,1.7280473135516505e-06,True,0.0,self-heating,0.789489349499049,4837.286499664673,0.5834232305970651,0.024600784721406258,2.8289408503039875
10.0,26.44451991495346,0.3,180.0,1.000000002080482,180.0,0.015676977096729945,0.0015676977096729945,1.3933385560654205e-06,6.881014021952428e-08,False,1.0,quenched,0.789489349499049,4136.938810060144,0.5185984271973912,0.0287654831936674,2.7302994850599926
10.0,26.44451991495346,0.3,180.0,82.68540983045598,180.0,0.5820600849190882,0.05820600849190882,1.3933385560654205e-06,1.3933385560654205e-06,True,1.0,quenched,0.789489349499049,4136.938810060144,0.5185984271973912,0.0287654831936674,2.7302994850599926
10.0,26.44451991495346,0.3,180.0,210.37131551542672,218.75638761193983,0.8717181808357439,0.0871718180835744,1.3933385560654205e-06,1.3933385560654205e-06,True,0.0,self-heating,0.789489349499049,4136.938810060144,0.5185984271973912,0.0287654831936674,2.7302994850599926
