temperature_keV,p_n15_reactivity_m3_s,p_n15_gamma_o16_reactivity_m3_s,p_n15_gamma_to_alpha_branch_ratio,dt_reactivity_m3_s,dd_total_reactivity_m3_s,dd_n_branch_reactivity_m3_s,dd_t_branch_reactivity_m3_s,p_n15_deposited_heating_coefficient_w_m3,dt_local_alpha_heating_coefficient_w_m3,dt_total_energy_coefficient_w_m3,dd_local_charged_heating_coefficient_w_m3,dd_total_energy_coefficient_w_m3
5.0,1.558512868554218e-34,6.246273712967498e-38,0.0004007842244358216,1.3349899230231355e-23,1.7832487928883248e-25,9.011826365032399e-26,8.82066156385085e-26,1.2400166070268687e-46,7.528891607751804e-36,3.76209302524848e-35,6.88143094242229e-38,1.0418872662193706e-37
5.150209795286249,2.2783497107190457e-34,9.078686390822043e-38,0.0003984764212495199,1.4808758072350458e-23,1.953880047945909e-25,9.879845514951724e-26,9.658954964507365e-26,1.8127482518173354e-46,8.351638649051733e-36,4.1732094374480373e-35,7.536941188125796e-38,1.1415109307864208e-37
5.3049321870924855,3.320645853414135e-34,1.3147427365769917e-37,0.00039592982648999856,1.640709473218998e-23,2.1386962315640063e-25,1.0820691176856956e-25,1.0566271138783105e-25,2.642041709997719e-46,9.253046461732225e-36,4.62363165384682e-35,8.246602281788737e-38,1.249408363077483e-37
5.464302742658604,4.825725399309064e-34,1.8971048903723237e-37,0.00039312325783061477,1.815583825356264e-23,2.338677582341435e-25,1.1839465748711214e-25,1.1547310074703134e-25,3.8395445792152825e-46,1.0239278656830583e-35,5.116439553835032e-35,9.014120347543148e-38,1.3661504616042111e-37
5.62846110192997,6.993310594549962e-34,2.72766830631652e-37,0.00039003963422449026,2.0066494832385487e-23,2.554855815372059e-25,1.2941546084035553e-25,1.260701206968504e-25,5.564164050428064e-46,1.131682433964888e-35,5.6548756622183e-35,9.843392783412836e-38,1.4923380255613448e-37
5.797551099909474,1.0106965594262865e-33,3.9080318313539244e-37,0.00038666717472277595,2.2151145760773398e-23,2.7883156813548e-25,1.4132592351263334e-25,1.375056446228467e-25,8.041515367891328e-46,1.249249695029223e-35,6.24234456984915e-35,1.0738513773084124e-37,1.6286026537629226e-37
5.9717208926852665,1.4568277344557676e-33,5.57965614330184e-37,0.00038300040638547094,2.442244067112541e-23,3.0401965038130693e-25,1.5418556818828723e-25,1.4983408219301967e-25,1.1591117537440061e-45,1.3773430453562e-35,6.882411029764261e-35,1.1703779694480413e-37,1.775607630343696e-37
6.15112308724464,2.0944492380076805e-33,7.938818837244414e-37,0.00037904088068499187,2.68935855479815e-23,3.3116936901374215e-25,1.680569254345927e-25,1.6311244357914948e-25,1.6664295111747062e-45,1.5167072578048528e-35,7.578796578843624e-35,1.274369440904802e-37,1.9340487947321044e-37
6.335914875187748,3.003467121837764e-33,1.1256920140506747e-36,0.0003747975151337383,2.9578324962422734e-23,3.6040602121525878e-25,1.8300561938896284e-25,1.7740040182629596e-25,2.389681333329623e-45,1.668117479693373e-35,8.335374531342821e-35,1.3862974415705815e-37,2.1046553933960312e-37
6.526258170458357,4.296121773475269e-33,1.5907959181742176e-36,0.0003702865053770048,3.2490917975686345e-23,3.918608051918055e-25,1.9910045202123507e-25,1.9276035317057044e-25,3.418170265004604e-45,1.8323778738445046e-35,9.156163188366757e-35,1.5066553853536878e-37,2.288190910869477e-37
6.722319751212308,6.1296032894368126e-33,2.2405587304053394e-36,0.0003655307896134991,3.564610715627024e-23,4.256709608497103e-25,2.1641348574125564e-25,2.0925747510845465e-25,4.876963178648115e-45,2.0103198712550403e-35,1.004531710667753e-34,1.6359589337496747e-37,2.4854538775856482e-37
6.92427140594797,8.723371950119034e-33,3.1452910286876104e-36,0.0003605590873199774,3.905908015894833e-23,4.619799061475347e-25,2.3502012412244265e-25,2.2695978202509202e-25,6.940671652878082e-45,2.202800004282241e-35,1.1007116271397822e-34,1.774746461168731e-37,2.6972786520711867e-37
7.132290084026743,1.2382847840548628e-32,4.4009207437223376e-36,0.0003554045725500373,4.274542332569004e-23,5.009373687074202e-25,2.5499919051336573e-25,2.459381781940545e-25,9.852300404045672e-45,2.4106972898926424e-35,1.2045953020432297e-34,1.92357950050911e-37,2.924536175096211e-37
7.346558050715502,1.7531692454329004e-32,6.1379029199598e-36,0.00035010327359719345,4.6721066788364045e-23,5.426995122789197e-25,2.7643300431178752e-25,2.6626650796713213e-25,1.3948931851183703e-44,2.6349101336402343e-35,1.3166316574033546e-34,2.0830431675083057e-37,3.168134693426485e-37
7.567263046886807,2.4755647271577615e-32,8.533081291559608e-36,0.00034469231193791426,5.1002220582256106e-23,5.874290576586211e-25,2.994074546789514e-25,2.8802160297966975e-25,1.9696605882332326e-44,2.8763527266849624e-35,1.4372775031153921e-34,2.2537465624531176e-37,3.429020450886591e-37
7.7945984535168185,3.4861883097006e-32,1.182543321276346e-35,0.00033920810243836337,5.560530131874936e-23,6.352953976810065e-25,3.2401207147621367e-25,3.1128332620479285e-25,2.7737540616279396e-44,3.1359509103799224e-35,1.5669954705304675e-34,2.4363231478859414e-37,3.7081783445161037e-37
8.028763461125072,4.8959137465940247e-32,1.6336911877645212e-35,0.0003336846342321784,6.054684901597619e-23,6.864747059100483e-25,3.503400932114319e-25,3.3613461269861644e-25,3.895389300172806e-44,3.414637485801448e-35,1.7062516686864108e-34,2.6314311010081175e-37,4.006632543685126e-37
8.269963244304533,6.856569925632148e-32,2.249996719925454e-35,0.00032815193957465744,6.584343374876586e-23,7.411500386767881e-25,3.7848853178872243e-25,3.6266150688806564e-25,5.455367579295074e-44,3.71334694912191e-35,1.8555130536393538e-34,2.8397536395509314e-37,4.3254470701296325e-37
8.518409141494889,9.575471396886315e-32,3.089380676860751e-35,0.00032263483945712943,7.151155185469142e-23,7.995114301255837e-25,4.0855823386233305e-25,3.909531962632507e-25,7.618636837605766e-44,4.0330096379818415e-35,2.0152445034790515e-34,3.0619993199608374e-37,4.665726336971054e-37
8.774318840156582,1.3334957572899509e-31,4.229208905343775e-35,0.0003171520330847359,7.756751152236008e-23,8.617559799508216e-25,4.406539386034178e-25,4.211020413474039e-25,1.0609837864048957e-43,4.3745452790565185e-35,2.185905594128554e-34,3.2989023068275356e-37,5.028615644898179e-37
9.03791656750782,1.851866889132667e-31,5.772557543220389e-35,0.0003117155761623883,8.402730769206602e-23,9.280879335265279e-25,4.748843316973641e-25,4.532036018291637e-25,1.4734210688025552e-43,4.738855932875914e-35,2.367947073958933e-34,3.551222612571243e-37,5.415301633811888e-37
9.309433286991728,2.564691079173082e-31,7.856437980325788e-35,0.0003063307719251276,9.090648631833801e-23,9.987187541532351e-25,5.113620953989605e-25,4.873566587542747e-25,2.0405731606300483e-43,5.126818338691521e-35,2.5618070386149193e-34,3.819746306497515e-37,5.827012688363173e-37
9.589106900645733,3.5424317118024084e-31,1.0662594737772615e-34,0.00030099647940277246,9.821999817932977e-23,1.0738671871699832e-24,5.50203954483208e-25,5.236632326867752e-25,2.8185036136201732e-43,5.539275669820453e-35,2.7679068112634076e-34,4.105285692425789e-37,6.2650192959539085e-37
9.877182457550521,4.8804216145165e-31,1.443169099233966e-34,0.0002957058248699974,1.059820425700098e-22,1.1537593157037178e-24,5.915307179405966e-25,5.622285977631211e-25,3.883063126008967e-43,5.977028718470057e-35,2.9866465377605064e-34,4.408679454198687e-37,6.730634355913974e-37
10.173912368541238,6.707575084561575e-31,1.9481969620046368e-34,0.00029044728347338,1.1420590138497772e-22,1.2386286078541024e-24,6.35467316277559e-25,6.031612915765433e-25,5.336821187400195e-43,6.440826538569968e-35,3.218400510991681e-34,4.730792768484212e-37,7.225213438720164e-37
10.479556627369002,9.198207949956907e-31,2.6233848068688247e-34,0.0002852060772208477,1.229037642826944e-22,1.328715955138296e-24,6.821428342951576e-25,6.465731208431385e-25,7.31847060294988e-43,6.931356585626061e-35,3.463512243880022e-34,5.072517384390928e-37,7.750154994278606e-37
10.794383038506554,1.2588110754920299e-30,3.5242406494268177e-34,0.0002799658120301573,1.320865458257738e-22,1.4242697020475201e-24,7.316905392318766e-25,6.925791628156435e-25,1.0015615977348395e-42,7.449234404051441e-35,3.722289316274454e-34,5.4347716695263795e-37,8.306900508453004e-37
11.118667451797634,1.719644695377855e-30,4.724040255948662e-34,0.0002747102508236828,1.4176369571144856e-22,1.5255456665954575e-24,7.842479041698713e-25,7.412977624255863e-25,1.3682196813891878e-42,7.994992924806586e-35,3.9949980271142905e-34,5.81850062224195e-37,8.896934607186825e-37
11.452694004155715,2.3455626773602765e-30,6.319534450229968e-34,0.00026942509408199,1.519430034415745e-22,1.6328071517668681e-24,8.399566266176669e-25,7.928505251492013e-25,1.866225638192711e-42,8.569071449448305e-35,4.281857889896199e-34,6.224675849920226e-37,9.521785107733934e-37
11.796755368523767,3.1952085857200804e-30,8.43853368016023e-34,0.0002640996183433358,1.6263039903142414e-22,1.746324947803807e-24,8.989626421963447e-25,8.473623056074625e-25,2.5422386873733403e-42,9.171804410779788e-35,4.583036016511525e-34,6.654295513276012e-37,1.0183023016682431e-36
12.151153010313351,4.348193532609721e-30,1.1249994737088378e-33,0.000258728013201756,1.7382975161947842e-22,1.8663773252958014e-24,9.614161333705279e-25,9.049611919252736e-25,3.4596006871632115e-42,9.80341001512407e-35,4.898641441932308e-34,7.1083842367557725e-37,1.0882262474626147e-36
12.516197451547564,5.912681922832689e-30,1.4977430271372053e-33,0.00025331026540654095,1.8554266811404457e-22,1.9932500190696376e-24,1.0274715331799551e-24,9.657784858896823e-25,4.7043716637268384e-42,1.0463978886674336e-34,5.228719449935082e-34,7.587992985235105e-37,1.162116064750975e-36
12.89220854293941,8.035710388167915e-30,1.9916706702793894e-33,0.00024785247029459907,1.9776829429420033e-22,2.1272362029031034e-24,1.0972875239417518e-24,1.0299486789613514e-24,6.393539977523706e-42,1.1153462850259956e-34,5.573245967989271e-34,8.094198907325394e-37,1.2401417564841413e-36
13.279515744143916,1.0917183446835001e-29,2.6459596250497924e-33,0.00024236650761940635,2.1050312106840638e-22,2.2686364551160908e-24,1.1710270309081941e-24,1.0976094242078969e-24,8.686157842631436e-42,1.187166400498756e-34,5.932122107492221e-34,8.628105145713014e-37,1.32247759051366e-36
13.678458412429594,1.482878463830312e-29,3.5124808163899e-33,0.0002368690962924281,2.237407988798203e-22,2.417758715120404e-24,1.2488572108789922e-24,1.1689015042414118e-24,1.1798387799376135e-41,1.26182242573285e-34,6.305168933583835e-34,9.190840615061644e-37,1.4093020729119835e-36
14.089386100022091,2.0139414648084586e-29,4.659864388614545e-33,0.00023138032907315577,2.374719635274906e-22,2.574918231037474e-24,1.3309494357813498e-24,1.2439687952561243e-24,1.6023742327255793e-41,1.339261549802337e-34,6.6921225566685516e-34,9.783559748115043e-37,1.500797916137373e-36
14.512658860380741,2.734923298302976e-29,6.1787897759875e-33,0.0002259218669796498,2.516840769405471e-22,2.7404374985199753e-24,1.4174792712450125e-24,1.3229582272749628e-24,2.1760168794669213e-41,1.4194130622284899e-34,7.092629645322985e-34,1.0407442210738755e-36,1.5971520021280616e-36
14.948647563676134,3.7134952745058845e-29,8.18881507670121e-33,0.00022051502617815528,2.6636128669095453e-22,2.9146461909394516e-24,1.5086264502132247e-24,1.4060197407262268e-24,2.954608783419811e-41,1.5021875606792473e-34,7.506243467269114e-34,1.1063692586737495e-36,1.698555340425418e-36
15.39773422174535,5.0409734965902867e-29,1.0847116553091007e-32,0.0002151790038259077,2.814843082500889e-22,3.097881081126814e-24,1.6045748416434311e-24,1.4933062394833827e-24,4.0108047725990276e-41,1.5874762869361294e-34,7.932420571283971e-34,1.1753540033378319e-36,1.805203021440244e-36
15.860312322809431,6.840186524994766e-29,1.4359566600148774e-32,0.00020992945949174625,2.9703033417575623e-22,3.2904859548764133e-24,1.7055124143645707e-24,1.5849735405118426e-24,5.442332275397472e-41,1.6751506147397414e-34,8.370518228027644e-34,1.2478237908636714e-36,1.9172941649901726e-36
16.33678717624646,9.275738484647638e-29,1.8994634852538005e-32,0.0002047776021712579,3.1297297454731015e-22,3.492811516446828e-24,1.8116311961696522e-24,1.681180320277176e-24,7.380157068623637e-41,1.7650617138639833e-34,8.819792751464092e-34,1.3239063371266805e-36,2.03503186424916e-36
16.82757626772226,1.2567300119990558e-28,2.510064910481723e-32,0.00019972984543346843,3.292822330349192e-22,3.705215286312202e-24,1.9231272282339203e-24,1.7820880580782816e-24,9.999058184701107e-41,1.8570404151548146e-34,9.279398824476713e-34,1.4037316954870671e-36,2.1586231252620324e-36
17.333109624989923,1.7006692479250594e-28,3.3126996950888826e-32,0.00019478800472993898,3.459245229807021e-22,3.9280614914375686e-24,2.0402005149595766e-24,1.8878609764779916e-24,1.3531220389879031e-40,1.950897301222415e-34,9.748389952045755e-34,1.487432211721364e-36,2.2882788021883993e-36
17.853830194678693,2.2979676747532778e-28,4.3649881992614066e-32,0.00018994993912305818,3.628627277691542e-22,4.161720948368764e-24,2.1630549693579276e-24,1.9986659790108364e-24,1.828357106700305e-40,2.0464230469099712e-34,1.0225720162528263e-33,1.57514247660922e-36,2.4242135284501203e-36
18.390194230402322,3.0993528000734795e-28,5.740326685564016e-32,0.0001852104957340747,3.800563095563557e-22,4.406570939443781e-24,2.291898354089004e-24,2.1146725853547773e-24,2.4659719022349805e-40,2.1433890324896336e-34,1.0710247071721636e-33,1.6669992763119056e-36,2.5666456439658987e-36
18.942671692526933,4.171164773485143e-28,7.531563640172218e-32,0.00018056260179526192,3.974614700952478e-22,4.6629950824457745e-24,2.4269422182867535e-24,2.236052864159021e-24,3.3187493630163175e-40,2.2415482506626732e-34,1.1200736415030044e-33,1.763141540683459e-36,2.7157971186642144e-36
19.511746659948745,5.599665567389988e-28,9.855319668333859e-32,0.00017599836186158946,4.150313669212999e-22,4.9313831940296725e-24,2.5684018303049576e-24,2.3629813637247146e-24,4.455323043820322e-40,2.340636525773523e-34,1.1695868139724573e-33,1.863710289659367e-36,2.871893472472539e-36
20.097917754242356,7.496358926934486e-28,1.2857008779933977e-31,0.00017151004781452802,4.327163875332265e-22,5.212131147264516e-24,2.7164961065255638e-24,2.495635040738952e-24,5.964409886622314e-40,2.440374060096278e-34,1.219424413154359e-33,1.9688485778708578e-36,3.03516369198653e-36
20.70169857655128,1.0004502076846595e-27,1.671661327279869e-31,0.00016709090711756585,4.504644834024798e-22,5.505640723640207e-24,2.8714475363754565e-24,2.63419318726475e-24,7.95999120099213e-40,2.5404673175352557e-34,1.2694397627308981e-33,2.0787014376349105e-36,3.2058401440266275e-36
21.323618157603562,1.330700653113567e-27,2.165525717265574e-31,0.00016273575219180117,4.682215646606415e-22,5.812319459892998e-24,3.0334821037021928e-24,2.7788373561908048e-24,1.0587598871564402e-39,2.640611249528384e-34,1.3194804337487142e-33,2.193415820471415e-36,3.3841584862925755e-36
21.96422142124672,1.7635938478546007e-27,2.794261465907271e-31,0.000158441325325923,4.859319551368867e-22,6.132580490006798e-24,3.202829204661475e-24,2.929751285345323e-24,1.4031874253427404e-39,2.740491861304582e-34,1.3693895269456334e-33,2.3131405372995126e-36,3.57035757532786e-36
22.624069661908173,2.328383735532948e-27,3.590518055199252e-31,0.00015420645662504647,5.035389060444206e-22,6.466842382747215e-24,3.3797215622708015e-24,3.0871208204764134e-24,1.8525573691736703e-39,2.839789108901508e-34,1.4190071203542223e-33,2.438026197464216e-36,3.764679372005798e-36
23.303741036399575,3.0617072299710635e-27,4.593542024957858e-31,0.00015003204682641298,5.209851650475693e-22,6.81552897508361e-24,3.5643951377837205e-24,3.2511338372998887e-24,2.4360195463386225e-39,2.9381801085114685e-34,1.4681718729718244e-33,2.5682251467433365e-36,3.967368844747907e-36
24.003831070495846,4.009144785883834e-27,5.850180695442018e-31,0.00014592091350854817,5.382135956904488e-22,7.179069201849508e-24,3.7570890390380615e-24,3.421980162811446e-24,3.189839631598902e-39,3.0353426298495877e-34,1.5167227703529657e-33,2.7038914044820984e-36,4.178673870682151e-36
24.724953180732822,5.2270250015446625e-27,7.415974493098987e-31,0.0001418775401094783,5.551678402543487e-22,7.557896921984318e-24,3.958045425928833e-24,3.5998514960554856e-24,4.158834962506787e-39,3.1309588344452426e-34,1.564500992586857e-33,2.8451805999994423e-36,4.3988451349442124e-36
25.46773921188082,6.784488862027719e-27,9.35633689963099e-31,0.00013790776416478055,5.71793017065485e-22,7.952450741690018e-24,4.167509413153124e-24,3.7849413285368935e-24,5.398016935790559e-39,3.224719208221926e-34,1.6113518793583934e-33,2.992249908405719e-36,4.628136028319321e-36
26.23283999056486,8.765823998050541e-27,1.1747820220721177e-30,0.00013401843595460975,5.880364411432919e-22,8.363173834823401e-24,4.385728970368154e-24,3.977444864455247e-24,6.974448239199247e-39,3.3163266257098505e-34,1.657126960784391e-33,3.145257985966258e-36,4.866802543414537e-36
27.020925895516783,1.1273072120166232e-26,1.4679464507367527e-30,0.00013021707260355098,6.038483549209123e-22,8.790513760829761e-24,4.612954819897894e-24,4.177558940931867e-24,8.969317432832876e-39,3.4055004710623585e-34,1.7016860166339722e-33,3.3043649051386704e-36,5.1151031695425004e-36
27.832687444958868,1.4428903390750233e-26,1.8254225937085014e-30,0.00012651152650164,6.191826536601375e-22,9.234922280506541e-24,4.849440332115018e-24,4.385481948391523e-24,1.1480225917104227e-38,3.491980729150802e-34,1.744899120597541e-33,3.469732089405086e-36,5.373298786487597e-36
28.668835901633557,1.8379739791489485e-26,2.2590479593657197e-30,0.00012290968125738887,6.339975882132811e-22,9.696855169864453e-24,5.0954414186155e-24,4.601413751248954e-24,1.46236730117103e-38,3.5755319489038078e-34,1.7866486207178715e-33,3.641522248011709e-36,5.641652557312993e-36
29.530103896009447,2.3299095514153013e-26,2.7823589634688876e-30,0.00011941918353777924,6.482564260621347e-22,1.0176772032331175e-23,5.351216423292216e-24,4.825555609038959e-24,1.8537713707206315e-38,3.655946971343395e-34,1.8268310022431523e-33,3.819899310719319e-36,5.9204298203539016e-36
30.417246068209696,2.939108617198683e-26,3.410753701844349e-30,0.00011604721519598685,6.61928050208966e-22,1.0675136109517078e-23,5.6170260114013826e-24,5.058110098115696e-24,2.3384750737175935e-38,3.733050307127624e-34,1.8653585753428345e-33,4.0050283626581917e-36,6.209897980527382e-36
31.331039729225132,3.689404050013854e-26,4.161659095601249e-30,0.00011280030701938491,6.74987474638932e-22,1.119241409073415e-23,5.893133056701767e-24,5.2992810340323836e-24,2.935440819486704e-38,3.8067010435842594e-34,1.9021609277160094e-33,4.1970755793697746e-36,6.510326400072414e-36
32.272285541991586,4.6084128697728746e-26,5.0547004740642735e-30,0.00010968419316807858,6.874162548542649e-22,1.1729075921428749e-23,6.179802526731281e-24,5.549273394697468e-24,3.666641839060258e-38,3.876795159984709e-34,1.937186081504859e-33,4.396208162105658e-36,6.821986288816098e-36
33.24180822292796,5.727890140979912e-26,6.1118709305124505e-30,0.00010670370380858681,6.99202772535774e-22,1.2285594610654871e-23,6.477301366268312e-24,5.808293244386559e-24,4.557343761062101e-38,3.943267132938616e-34,1.9704012954902646e-33,4.6025942734413016e-36,7.145150594042086e-36
34.24045726455011,7.084061355795995e-26,7.357696859783216e-30,0.00010386269246190732,7.103423748448407e-22,1.2862446037679707e-23,6.785898379007378e-24,6.076547658672329e-24,5.636369069273884e-38,4.006090722009985e-34,2.0017934576543644e-33,4.816402973248562e-36,7.480093890016865e-36
35.26910767979324,8.71791890703998e-26,8.819394966088843e-30,0.00010116399406935201,7.208373513490555e-22,1.3460108757773602e-23,7.105864107458247e-24,6.3542446503153566e-24,6.936332988685253e-38,4.065278839585586e-34,2.0313690201554226e-33,5.0378041550560204e-36,7.827092267206493e-36
36.32866076869532,1.0675466755767222e-25,1.0527014743519026e-29,9.860940963384109e-05,7.306967351144875e-22,1.4079063807196802e-23,7.437470711057136e-24,6.641593096139666e-24,8.493838153030359e-38,4.120882429102628e-34,2.059153438792219e-33,5.266968482810933e-36,8.186423221193136e-36
37.42004490811317,1.3007896388610856e-25,1.251355904952985e-29,9.61997134331895e-05,7.399359191925967e-22,1.4719794507350904e-23,7.780991842454958e-24,6.938802664895946e-24,1.0349614603648144e-37,4.172988302164671e-34,2.0851900922379087e-33,5.5040673280401586e-36,8.558365541275014e-36
38.54421636516316,1.577167683626105e-25,1.4815074033188297e-29,9.393467915299023e-05,7.485760855156844e-22,1.53827862680171e-23,8.136702521924085e-24,7.246083746093013e-24,1.2548591411867658e-37,4.2217159177051426e-34,2.1095386726282883e-33,5.749272707389808e-36,8.943199198706541e-36
39.70216013509915,1.902854209356847e-25,1.7470698527263448e-29,9.181312179017874e-05,7.566434500078986e-22,1.606852638955592e-23,8.504879009799327e-24,7.563647379756592e-24,1.5139886669927662e-37,4.267213124668744e-34,2.132273058232913e-33,6.0027572205061324e-36,9.34120523450803e-36
40.89489080436218,2.2845360954593672e-25,2.0522662319992135e-29,8.983295278539034e-05,7.641683353431413e-22,1.677750386389106e-23,8.885798676841667e-24,7.89170518704939e-24,1.8176703926416025e-37,4.30965093267969e-34,2.1534787004233825e-33,6.264693988200344e-36,9.752665646743984e-36
42.12345343955753,2.729387725458485e-25,2.4016222818351027e-29,8.79912465141491e-05,7.711840909714474e-22,1.7510209174047408e-23,9.279739872384738e-24,8.23046930166267e-24,2.1716125512158854e-37,4.349217421355782e-34,2.173249580233717e-33,6.535256590821011e-36,1.0177863277138589e-35
43.38892450313869,3.245031297298605e-25,2.799953090471063e-29,8.628431697413653e-05,7.7772588843528155e-22,1.8267134091957864e-23,9.686981790094314e-24,8.580152301863549e-24,2.5818796752734225e-37,4.386110946299804e-34,2.1916848134791833e-33,6.814619006736923e-36,1.0617081696864711e-35
44.69241279660007,3.839483273020852e-25,3.252341974256609e-29,8.470780422746083e-05,7.838294281632347e-22,1.9048771474195332e-23,1.0107804331139831e-23,8.9409671430555e-24,3.054849990019255e-37,4.420532845853401e-34,2.2088850064123712e-33,7.102955550812009e-36,1.1070605091309088e-35
46.03506043200521,4.521087596994003e-25,3.764111541903604e-29,8.325677087978345e-05,7.895296013458914e-22,1.985561505522646e-23,1.0542487964544095e-23,9.313127090682363e-24,3.5971622789977188e-37,4.452679894529583e-34,2.2249484847977506e-33,7.400440812731959e-36,1.1538718143581557e-35
47.418043832701535,5.298437252343984e-25,4.340787614911524e-29,8.192580959586142e-05,7.948591566015424e-22,2.068815923772037e-23,1.0991313584443156e-23,9.696845653277216e-24,4.215653471178117e-37,4.482736783458342e-34,2.23996753648434e-33,7.707249595019044e-36,1.202170591649964e-35
48.84257476409844,6.180286813555287e-25,4.9880577805524695e-29,8.070916336135259e-05,7.998474253508363e-22,2.154689887938185e-23,1.1454562363953419e-23,1.0092336515428431e-23,4.91728906422637e-37,4.510868931930836e-34,2.2540248194241893e-33,8.023556850548306e-36,1.2519853732742688e-35
50.30990139541215,7.175459855839519e-25,5.711727818947598e-29,7.960086090230566e-05,8.045191615897354e-22,2.2432329075710765e-23,1.1932515605305552e-23,1.0499813470405213e-23,5.709089455610157e-37,4.5372159441112925e-34,2.267190092073111e-33,8.34953761935392e-36,1.3033447052830847e-35
51.8213093933074,8.292756344725306e-25,6.51768109849771e-29,7.859487036108747e-05,8.088935506139271e-22,2.3344944938020127e-23,1.2425454585867558e-23,1.0919490352152569e-23,6.598056257967356e-37,4.561886018577995e-34,2.2795174199081917e-33,8.685366964488793e-36,1.3562771350543552e-35
53.378123048394166,9.54086637471462e-25,7.411848279010166e-29,7.768527498355058e-05,8.129834368792894e-22,2.4285241365973484e-23,1.2933660399638188e-23,1.1351580966335298e-23,7.591103666051503e-37,4.58495159371748e-34,2.291042999485703e-33,9.031219906675436e-36,1.410811198535133e-35
54.98170643556687,1.0928297750351036e-24,8.400197275624569e-29,7.686647515945234e-05,8.16794813452351e-22,2.5253712813828976e-23,1.345741379375362e-23,1.1796299020075356e-23,8.695000837266574e-37,4.606446468397825e-34,2.301783719677538e-33,9.387271357458355e-36,1.4669754071391585e-35
56.6334646092019,1.2463325777334746e-24,9.488756360401773e-29,7.613342160771892e-05,8.203266045277478e-22,2.6250853049500795e-23,1.3996994999505496e-23,1.2253858049995301e-23,9.916331943423733e-37,4.626364575440665e-34,2.3117365487905072e-33,9.753696050541857e-36,1.5247982342475383e-35
58.33484483426175,1.4153974102863558e-24,1.0683686412602948e-28,7.548188469866905e-05,8.235707586624651e-22,2.727715490547047e-23,1.4552683557326726e-23,1.2724471348143744e-23,1.1261480926532668e-36,4.644660507430785e-34,2.3208787973068202e-33,1.0130668470967984e-35,1.584308101256648e-35
60.08733785438367,1.6008035343854316e-24,1.1991421527735787e-28,7.490876469322291e-05,8.2651265438845e-22,2.8333110020500825e-23,1.5124758135156893e-23,1.3208351885343934e-23,1.2736647911458594e-36,4.661251804234053e-34,2.3291692609282032e-33,1.0518362781760907e-35,1.6455333631128107e-35
61.89247919806421,1.8033139394225628e-24,1.3418900264139928e-28,7.441244683350465e-05,8.291318026788667e-22,2.941920857102009e-23,1.5713496339550745e-23,1.3705712231469348e-23,1.4347903553991291e-36,4.676022914669494e-34,2.3365502001739128e-33,1.0916952747633731e-35,1.7085022932683551e-35
63.75185052408408,2.0236875544003474e-24,1.4973912496713333e-28,7.399320346737199e-05,8.314028135476006e-22,3.053593899096244e-23,1.6319174518849817e-23,1.421676447211262e-23,1.610128620380219e-36,4.688830647803541e-34,2.3429500643243323e-33,1.1326611655323683e-35,1.7732430679889678e-35
65.66708100735252,2.262697174252796e-24,1.6665588859685336e-28,7.365364242870354e-05,8.332965781833745e-22,3.1683787678760213e-23,1.694206755768521e-23,1.4741720121075007e-23,1.800294453358649e-36,4.6995108397866e-34,2.3482868227558667e-33,1.1747512230089555e-35,1.8397837499369864e-35
67.63984876638452,2.521153042403679e-24,1.8505060741583277e-28,7.339919644045276e-05,8.34781604806527e-22,3.286323869009639e-23,1.7582448662031496e-23,1.5280790028064895e-23,2.0059325171546506e-36,4.70788588763342e-34,2.3524717294768246e-33,1.2179826547874016e-35,1.9081522709502816e-35
69.67188233366282,2.7999315304719426e-24,2.050631834589548e-28,7.323864216936419e-05,8.358254371193102e-22,3.407477341493259e-23,1.8240589133981456e-23,1.583418428095113e-23,2.2277400888862682e-36,4.71377274880299e-34,2.355413320417494e-33,1.2623725942599062e-35,1.9783764139309614e-35
71.76496217017225,3.100007759476768e-24,2.2687292012909626e-28,7.318462975956834e-05,8.363960797667244e-22,3.5318870237235285e-23,1.8916758135357554e-23,1.640211210187773e-23,2.466493014734847e-36,4.71699098031549e-34,2.3570214304763965e-33,1.3079380908030715e-35,2.0504837937528036e-35
73.92092222543366,3.422490343375357e-24,2.507117735392421e-28,7.3254194573412e-05,8.3646335620306085e-22,3.659600417572566e-23,1.961122243922448e-23,1.698478173650118e-23,2.7230733533252785e-36,4.717370396660286e-34,2.3572110200811862e-33,1.354696099361272e-35,2.1245018370906695e-35
76.1416515444042,3.76865575065555e-24,2.7688017328340975e-28,7.346921332234896e-05,8.360001308394533e-22,3.790664650388072e-23,2.0324246168311713e-23,1.7582400335569006e-23,2.9984967152150408e-36,4.714757962294741e-34,2.355905619284153e-33,1.4026634693634545e-35,2.2004577610695143e-35
78.42909592265258,4.1399791355922025e-24,3.0576543797162216e-28,7.385675820027629e-05,8.349833388480747e-22,3.925126434731551e-23,2.105609051930172e-23,1.8195173828013787e-23,3.293936793503275e-36,4.709023599391548e-34,2.353040229820964e-33,1.4518569329062974e-35,2.278378550624944e-35
80.78525961125803,4.538157965951974e-24,3.3786267023470214e-28,7.44492969988162e-05,8.333947825065697e-22,4.0630320256568274e-23,2.180701347187925e-23,1.8823306784689027e-23,3.610744162999483e-36,4.7000646789519734e-34,2.3485635692638143e-33,1.5022930921328013e-35,2.3582909344610208e-35
83.21220707292875,4.96512445836915e-24,3.737978396087126e-28,7.528468676724583e-05,8.312216710253378e-22,4.2044271753213503e-23,2.2577269481385877e-23,1.9467002271827626e-23,3.950456174317336e-36,4.687809065249134e-34,2.3424395922916766e-33,1.5539884057317498e-35,2.4402213594853946e-35
85.71206479087708,5.423042821024379e-24,4.143525515873054e-28,7.640591550944767e-05,8.284568996698672e-22,4.349357084711558e-23,2.336710915386031e-23,2.0126461693255266e-23,4.3147947600370616e-36,4.672216689983546e-34,2.3346482772761527e-33,1.6069591744795199e-35,2.524195963595361e-35
88.28702313203695,5.9142876852092116e-24,4.6048976293427535e-28,7.786056198887559e-05,8.250990818527179e-22,4.4978663522529935e-23,2.4176778902190351e-23,2.0801884620339584e-23,4.7056492739756865e-36,4.653279733271059e-34,2.325185716718882e-33,1.661221525741677e-35,2.610240546682279e-35
90.93933826625599,6.441400954791986e-24,5.133794477764424e-28,7.969996765913496e-05,8.211523630590989e-22,4.6499989190651435e-23,2.500652058204142e-23,2.1493468608610013e-23,5.125042158856529e-36,4.631021574246049e-34,2.3140635928810726e-33,1.716791396848022e-35,2.6983805397156e-35
93.67133414314425,7.007025655618596e-24,5.744229625054696e-28,8.197814461330929e-05,8.1662605668554635e-22,4.805798010609251e-23,2.5856571106165963e-23,2.2201408999926548e-23,5.5750763141858035e-36,4.60549473731474e-34,2.3013081515519588e-33,1.773684517250301e-35,2.788640971760938e-35
96.48540452831057,7.613817219265521e-24,6.452746226384614e-28,8.475047457216326e-05,8.115341483426263e-22,4.9653060744668375e-23,2.672716203564223e-23,2.2925898709026145e-23,6.057864509976573e-36,4.576778096590113e-34,2.2869588051398718e-33,1.8319163893678577e-35,2.8810464347804854e-35
99.38401510077226,8.264334921936472e-24,7.278588196406855e-28,8.807228004623703e-05,8.058947167416719e-22,5.128564713974589e-23,2.7618519146523835e-23,2.3667127993222057e-23,6.575443011092994e-36,4.544973609888995e-34,2.271066500691407e-33,1.8915022680221757e-35,2.975621046057107e-35
102.36970561337476,8.960918786324851e-24,8.243809024065586e-28,9.199736344722108e-05,7.99729316395456e-22,5.295614617430268e-23,2.853086197032847e-23,2.4425284203974212e-23,7.129673635335345e-36,4.510202837372647e-34,2.2536919802996445e-33,1.9524571383568648e-35,3.072388408076982e-35
105.44509211811449,9.705559938335243e-24,9.373300597851497e-28,9.657660822667861e-05,7.930623609524907e-22,5.466495482572826e-23,2.946440330673048e-23,2.5200551518997778e-23,7.722140603943107e-36,4.4726034637608e-34,2.2349040432979746e-33,2.0147956921355226e-35,3.1713715656990226e-35
108.61286925831472,1.0499774924165468e-23,1.0694725971066742e-27,0.00010185671643734563,7.859205373105856e-22,5.64124593602739e-23,3.0419348706759556e-23,2.5993110653514342e-23,8.354050543122944e-36,4.432325994130304e-34,2.214777895191986e-33,2.0785323023050282e-35,3.2725929604320015e-35
111.87581262966344,1.1344496521693854e-23,1.2238343222331387e-27,0.00010787912181848043,7.783322710760251e-22,5.819903447396067e-23,3.1395895924760144e-23,2.6803138549200533e-23,9.026145609120807e-36,4.389530739285689e-34,2.1933936412868172e-33,2.1436809957079916e-35,3.3760743816345814e-35
115.23678121218036,1.2239994788887994e-23,1.4036712514977895e-27,0.00011467907263915701,7.703272546977042e-22,6.002504237661702e-23,3.239423433729206e-23,2.7630808039324953e-23,9.738640671105524e-36,4.3443851545953e-34,2.1708349569368388e-33,2.2102554238229827e-35,3.4818369144454627e-35
118.69871987524594,1.3185842163771563e-23,1.6124284987736007e-27,0.00012228483237906404,7.619360416808821e-22,6.189083181562533e-23,3.3414544327114885e-23,2.8476287488510455e-23,1.0491195543274416e-35,4.297061551494129e-34,2.1471879440122223e-33,2.2782688314071903e-35,3.589900884245378e-35
122.26466195788605,1.4180935109112605e-23,1.8536879830744206e-27,0.00013071690751079236,7.53189704265336e-22,6.379673703582556e-23,3.4456996630327916e-23,2.933974040549764e-23,1.1282932206252922e-35,4.247735166904387e-34,2.1225401662125355e-33,2.3477340229112705e-35,3.7002857974450095e-35
125.93773192657336,1.5223581931244412e-23,2.131106417457243e-27,0.00013998718744919194,7.441195480363697e-22,6.57430766719287e-23,3.552175164469831e-23,3.0221325027230384e-23,1.2112504679341713e-35,4.196582553738123e-34,2.096979844821018e-33,2.41866332653208e-35,3.813010278387304e-35
129.72114811287426,1.6311661996414704e-23,2.448345838747742e-27,0.0001500978771682424,7.347568749849636e-22,6.773015256967262e-23,3.660895869715365e-23,3.1121193872518964e-23,1.297822569955869e-35,4.143780244636623e-34,2.070595190991862e-33,2.491068555764044e-35,3.928092002145485e-35
133.61822553334068,1.7442855800877802e-23,2.808999605028224e-27,0.00016104012078611938,7.251327861685656e-22,6.975824853186211e-23,3.7718755268371883e-23,3.203949326349022e-23,1.3878249774817933e-35,4.089503639044012e-34,2.0434738496348044e-33,2.5649609683063294e-35,4.045547622992801e-35
137.63237879411568,1.8614938599200063e-23,3.2165172280356445e-27,0.00017279225557982058,7.152780158592257e-22,7.182762898532144e-23,3.8851266172358296e-23,3.297636281296314e-23,1.4810806806623775e-35,4.033926067858836e-34,2.015702432033212e-33,2.640351222177882e-35,4.165392698313226e-35
141.76712508280042,1.982612312288087e-23,3.674131540788234e-27,0.0001853177001885963,7.052227904098204e-22,7.393853756470835e-23,4.000660268886588e-23,3.393193487584248e-23,1.5774474771028446e-35,3.977217997487305e-34,1.987366118119438e-33,2.717249328888937e-35,4.287641607717588e-35
146.02608725020193,2.1075430045608125e-23,4.1847914828050964e-27,0.00019856256663560506,6.9499670661273665e-22,7.609119560904472e-23,4.118486164647885e-23,3.4906333962565866e-23,1.6768474475947493e-35,3.919546343827418e-34,1.9585483136812625e-33,2.7956646035134967e-35,4.4123074671240205e-35
150.41299698466273,2.23630590824004e-23,4.751103222134076e-27,0.00021245318919150768,6.846286257795688e-22,7.828580056673654e-23,4.238612445415593e-23,3.5899676112580613e-23,1.7792964822821318e-35,3.861073874914275e-34,1.9293303518712264e-33,2.87560561150308e-35,4.5394020375565637e-35
154.9316980817542,2.3690729767231193e-23,5.3752814876423144e-27,0.0002268938753873828,6.741465809732192e-22,8.052252430480401e-23,4.3610456079014596e-23,3.691206822578941e-23,1.8849313943236455e-35,3.8019586877405086e-34,1.899791231780335e-33,2.957080112079508e-35,4.668935628412579e-35
159.58614981219648,2.5061959766902503e-23,6.059111971548709e-27,0.0002417652900213548,6.635776957192068e-22,8.280151131796035e-23,4.485790396811954e-23,3.794360734984082e-23,1.9940320636830992e-35,3.7423537498155603e-34,1.8700073893609625e-33,3.040094998040126e-35,4.800916994944582e-35
164.38043039095862,2.6482250590706845e-23,6.803924631651569e-27,0.0002569239577409332,6.529481131262606e-22,8.51228768331618e-23,4.6128496912049445e-23,3.899437992111235e-23,2.107036212950025e-35,3.682406499429798e-34,1.840052497683827e-33,3.124656231807202e-35,4.935353229700858e-35
169.31874055057693,2.7959155981098656e-23,7.610576834632534e-27,0.00027220338266926026,6.422829347125495e-22,8.748670480519354e-23,4.7422243848012405e-23,4.006446095718114e-23,2.2245448487813264e-35,3.6222585006551482e-34,1.8099972945461194e-33,3.2107687775497967e-35,5.072249647665622e-35
174.4054072218225,2.950221697674826e-23,8.479444672357919e-27,0.00028741720254585844,6.316061684274829e-22,8.989304579886952e-23,4.873913260031584e-23,4.115391319855368e-23,2.3473170952521527e-35,3.5620451502056315e-34,1.7799094359933764e-33,3.2984365292053116e-35,5.211609664839827e-35
179.64488732494328,3.112275905622191e-23,9.410420535190364e-27,0.0003023645981447483,6.2094068544061335e-22,9.234191475340983e-23,5.0079128556018616e-23,4.226278619739121e-23,2.476254053777065e-35,3.5018954337413894e-34,1.7498533745476505e-33,3.3876622342259885e-35,5.353434670002601e-35
185.0417716748035,3.283355990190778e-23,1.0402915150258702e-26,0.00031683786897729126,6.103081852846133e-22,9.483328862460405e-23,5.1442173273653175e-23,4.339111535095088e-23,2.6123723690486013e-35,3.441931729286864e-34,1.7198902609780298e-33,3.4784474128753424e-35,5.49772388939539e-35
190.60078900333892,3.464840980508413e-23,1.1455862723315904e-26,0.0003306317025156788,5.9972916892045065e-22,9.736710390040895e-23,5.2828183022961984e-23,4.453892087744697e-23,2.7567692530658273e-35,3.3822696553274996e-34,1.6900778683964596e-33,3.570792272899225e-35,5.644474244072821e-35
196.32681010285674,3.6581598953854137e-23,1.2567728435655374e-26,0.0003435532834830139,5.892229192596825e-22,9.994325398572602e-23,5.423704725369263e-23,4.5706206732033397e-23,2.9105816916646013e-35,3.3230179609620644e-34,1.6604705373682315e-33,3.664695619397335e-35,5.79368019966933e-35
202.22485209380724,3.8647375134895494e-23,1.3736518189441836e-26,0.0003554321125689816,5.788074886422147e-22,1.0256158645219292e-22,5.566862699157238e-23,4.689295946062054e-23,3.074943297049877e-35,3.2642784552814545e-34,1.6311191406234517e-33,3.760154759722765e-35,5.94533360833536e-35
208.3000828207678,4.085942024014772e-23,1.495979102183714e-26,0.0003661283232584373,5.684996927331439e-22,1.0522190014899874e-22,5.71227531597475e-23,4.809914698925124e-23,3.2509426565258e-35,3.206145972948944e-34,1.6020710658579256e-33,3.857165403240088e-35,6.099423542606368e-35
214.55782538049087,4.323039333372303e-23,1.623467491931372e-26,0.00037553845032100197,5.5831511027259425e-22,1.0792394217088989e-22,5.859922482409006e-23,4.932471734679983e-23,3.4395869770295277e-35,3.1487083727893513e-34,1.573370215028179e-33,3.955721555776539e-35,6.255936120976452e-35
221.00356278598414,4.577158150465906e-23,1.7557886820067862e-26,0.00038359799340297333,5.4826808808771585e-22,1.1066740467977993e-22,6.009780736097497e-23,5.0569597318804956e-23,3.641774305547649e-35,3.0920465660550122e-34,1.5450570184756137e-33,4.0558154086065293e-35,6.414854324962017e-35
227.64294277070704,4.849268774861989e-23,1.892575741978006e-26,0.00039028064432907605,5.383717507575494e-22,1.1345192157663747e-22,6.161823054632749e-23,5.1833691030309993e-23,3.858276652116406e-35,3.0362345709323493e-34,1.5171684621627583e-33,4.1574372218163587e-35,6.576157807455257e-35
234.4817827370965,5.140176901500436e-23,2.0334261066996534e-26,0.0003955945769310175,5.286380143077662e-22,1.162770650206665e-22,6.316018656499074e-23,5.311687845567574e-23,4.0897350605961436e-35,2.9813395897755735e-34,1.489738126265982e-33,4.260575201905172e-35,6.73982269218614e-35
241.52607485375532,5.450531943043881e-23,2.177905064278102e-26,0.0003995766077580014,5.190776033039641e-22,1.1914234179315832e-22,6.472332793972808e-23,5.441901385343022e-23,4.3366662302729104e-35,2.927422105507091e-34,1.4627962333455742e-33,4.365215373488119e-35,6.905821364132037e-35
248.7819913057701,5.780847616421023e-23,2.3255496951901654e-26,0.0004022852442233955,5.097000707083884e-22,1.220471895038544e-22,6.630726537950012e-23,5.573992412435429e-23,4.599478895354649e-35,2.87453599360269e-34,1.4363697043033439e-33,4.471341444980634e-35,7.074122250739704e-35
256.25588970275885,6.131531110187245e-23,2.4758731869903322e-26,0.00040379362715403785,5.005138198652856e-22,1.2499097263815874e-22,6.791156554700329e-23,5.707940709115545e-23,4.87849703171673e-35,2.8227286460815047e-34,1.4104822203388518e-33,4.5789346681571757e-35,7.244689593852495e-35
263.9543186493883,6.502916267574353e-23,2.6283694317941545e-26,0.0004041831885334363,4.915261279840293e-22,1.2797297844414375e-22,6.953574874586543e-23,5.84372296982783e-23,5.173986258694055e-35,2.772041103942899e-34,1.3851542891264672e-33,4.687973691495874e-35,7.417483212269724e-35
271.8840234832375,6.895296020889314e-23,2.782517807088024e-26,0.000403538557105943,4.827431704967575e-22,1.3099241265892672e-22,7.117928652833243e-23,5.981312613059431e-23,5.486179645215799e-35,2.7225081945353004e-34,1.3604033134568578e-33,4.7984344072387466e-35,7.592458254900634e-35
280.05195218504133,7.308949810568544e-23,2.9377880420491144e-26,0.0004019439342436245,4.741700456773549e-22,1.3404839507479394e-22,7.284159922479726e-23,6.120679584999668e-23,5.81529952552688e-35,2.674158670398937e-34,1.3362436606149688e-33,4.910289792122304e-35,7.76956494452079e-35
288.4652614664872,7.74416280494567e-23,3.093645078484402e-26,0.00039948089372665325,4.658107989219202e-22,1.3713995494625316e-22,7.452205339706125e-23,6.261790154919191e-23,6.161572791221608e-35,2.627015346199457e-34,1.3126867308040411e-33,5.023509741757547e-35,7.948748312184107e-35
297.1313230409023,8.201235189428446e-23,3.249553845071958e-26,0.00039622736941634075,4.576684461062233e-22,1.4026602624017793e-22,7.621995921785305e-23,6.404606702232488e-23,6.525238282092912e-35,2.581095230456087e-34,1.2897410229685259e-33,5.138060898669043e-35,8.129947922399331e-35
306.0577300823233,8.680481344849187e-23,3.404983873979291e-26,0.0003922574957205266,4.497449954538103e-22,1.4342544273224655e-22,7.793456777979627e-23,6.549087495245027e-23,6.906546132394326e-35,2.5364096488703494e-34,1.2674121964199029e-33,5.253906474035756e-35,8.313097589238888e-35
315.25230387861126,9.182220117026991e-23,3.559413699158033e-26,0.0003876419486565843,4.420414673688701e-22,1.4661693295407086e-22,7.96650683377823e-23,6.695186461628858e-23,7.305750028905562e-35,2.49296435617672e-34,1.2457031267270546e-33,5.371006063213882e-35,8.49812508361568e-35
324.7231006844362,9.706758387678502e-23,3.712334985309923e-26,0.0003824484794040265,4.345579117111381e-22,1.4983911499669724e-22,8.141058548950991e-23,6.842852950718733e-23,7.72309413927689e-35,2.45075963356724e-34,1.2246139543981302e-33,5.489315455163608e-35,8.684951832036638e-35
334.4784187801413,1.0254370686374883e-22,3.863256345658266e-26,0.00037674241197379623,4.272934220164371e-22,1.5309049117761215e-22,8.317017629986414e-23,6.992031487774803e-23,8.158796890467903e-35,2.409790368890561e-34,1.2041421249550023e-33,5.608786435948629e-35,8.873492607224551e-35
344.52680574266793,1.0825277641626161e-22,4.011706815318587e-26,0.00037058696766284076,4.2024614619661397e-22,1.563694425799598e-22,8.494282737578446e-23,7.142661520417532e-23,8.613033823548513e-35,2.3700461169959657e-34,1.1842824190864213e-33,5.729366586528506e-35,9.063655211089251e-35
354.8770659349139,1.1419625756676189e-22,4.1572389553058384e-26,0.0003640433621807104,4.1341329328715437e-22,1.5967422347439755e-22,8.672745189932513e-23,7.294677157507242e-23,9.085921502493918e-35,2.3315111377876308e-34,1.1650269716632566e-33,5.850999075120943e-35,9.255340150627653e-35
365.53826822008756,1.2037470465499827e-22,4.299431570044352e-26,0.0003571706848516723,4.0679113585138106e-22,1.6300295563593505e-22,8.852288662777752e-23,7.448006900815754e-23,9.577504032842682e-35,2.2941644097834967e-34,1.1463652785136909e-33,5.973622444474866e-35,9.448440307441643e-35
376.5197539078135,1.2678763836107975e-22,4.4378920286194557e-26,0.0003500256086465417,4.0037500769780064e-22,1.663536225701063e-22,9.032788887094997e-23,7.602573369915633e-23,1.0087743277943066e-34,2.257979617241872e-34,1.1282841899905479e-33,6.097170394461678e-35,9.642840601677502e-35
387.8311449389578,1.3343347767710406e-22,4.572258186857768e-26,0.0003426619965584787,3.941592966244106e-22,1.697240636651287e-22,9.21411334570648e-23,7.758293020806391e-23,1.0616513446337447e-34,2.2229251092417803e-34,1.110767890524252e-33,6.221571560470581e-35,9.838417651322612e-35
399.4823523163403,1.403095314714333e-22,4.702199913577184e-26,0.00033513046934623543,3.8813743197207203e-22,1.7311196828904377e-22,9.396120970013466e-23,7.915075858890911e-23,1.1163600420581558e-34,2.1889638294881926e-34,1.0937978635473813e-33,6.346749288172982e-35,1.0035039427929262e-34
411.48358478872166,1.4741205204158855e-22,4.827420229949992e-26,0.00032747798861032463,3.8230186685211395e-22,1.7651486985349835e-22,9.57866183832539e-23,8.072825147024444e-23,1.1728706018131911e-34,2.156053216081727e-34,1.077352841410838e-33,6.472621405312069e-35,1.0232564909988413e-34
423.84535779567443,1.5473635209407095e-22,4.947656075832796e-26,0.00031974749364809256,3.76644055013744e-22,1.7993013986858955e-22,9.761576877385088e-23,8.231437109473868e-23,1.2311457298738998e-34,2.1241450710586703e-34,1.061408740194629e-33,6.599099991269343e-35,1.0430843735334906e-34
436.5785026811775,1.62276986480981e-22,5.062678721113926e-26,0.00031197761499639855,3.7115442243873426e-22,1.833549820162255e-22,9.944697568871125e-23,8.390800632751425e-23,1.2911421024156323e-34,2.093185400194611e-34,1.0459385796597446e-33,6.726091145264719e-35,1.062971585413999e-34
449.6941761840009,1.7002800031060967e-22,5.172293843609849e-26,0.0003042024745430768,3.658223338986095e-22,1.867864262726488e-22,1.0127845662841454e-22,8.550796964423425e-23,1.3528123398834223e-34,2.0631142243982983e-34,1.0309123890040245e-33,6.853494754159001e-35,1.0829011184230892e-34
463.20387021320437,1.7798324540299904e-22,5.276341297820389e-26,0.0002964515724990529,3.6063605488810935e-22,1.902213231141853e-22,1.0310832900278282e-22,8.711299411140247e-23,1.416107524841907e-34,2.0338653650292395e-34,1.016297099588048e-33,6.981204260947301e-35,1.1028549270673858e-34
477.1194219173091,1.8613676732058247e-22,5.374694600955171e-26,0.0002887497552645448,3.5558270956329522e-22,1.9365633784392426e-22,1.0493460747098261e-22,8.872173037294166e-23,1.4809802813494629e-34,2.0053662066828545e-34,1.0020564264018388e-33,7.109106435162389e-35,1.122813895176766e-34
491.45302405596766,1.9448326535734444e-22,5.467260164108855e-26,0.00028111725469352267,3.506482355695719e-22,1.9708794508085856e-22,1.067552014220805e-22,9.033274365877805e-23,1.5473884348201698e-34,1.9775374424357933e-34,9.881507407671354e-34,7.237081146542668e-35,1.1427578033814982e-34
506.2172356832182,2.0301862800969515e-22,5.553976297337787e-26,0.0002735697877473863,3.458173369499833e-22,2.0051242345705003e-22,1.0856791262406702e-22,9.194451083298302e-23,1.6152992724491862e-34,1.950292808264656e-34,9.745369376297451e-34,7.365001143466264e-35,1.1626652977272893e-34
521.4249931516877,2.1174054672731002e-22,5.63481201772867e-26,0.0002661187054072105,3.4107343668373135e-22,2.039258505726241e-22,1.1037043307169634e-22,9.355541750092776e-23,1.6846944264655524e-34,1.92353881537929e-34,9.611683018098389e-34,7.492731837806502e-35,1.1825138597128853e-34
537.0896214473775,2.2064921132540593e-22,5.709765689408756e-26,0.0002587711805136792,3.363986308250417e-22,2.0732409826284393e-22,1.1216034306590052e-22,9.51637551969434e-23,1.7555754071168009e-34,1.8971744915815084e-34,9.479943787621349e-34,7.620131098027161e-35,1.20227977806066e-34
553.2248458649734,2.297480915150065e-22,5.778863523885958e-26,0.00025153042559696297,3.3177364669821347e-22,2.10702828236062e-22,1.1393510955994838e-22,9.676771867611362e-23,1.8279698208435167e-34,1.871091145499308e-34,9.349608567666856e-34,7.747049052505512e-35,1.2219381225570404e-34
569.8448040339017,2.390448107686156e-22,5.842157968188134e-26,0.00024439593352407364,3.2717780816008234e-22,2.140574881461644e-22,1.1569208481007422e-22,9.836540333609018e-23,1.901938323112195e-34,1.845172170678913e-34,9.220094690361193e-34,7.873327905250914e-35,1.241462720327637e-34
586.9640583056748,2.4855212139884126e-22,5.899726007050978e-26,0.0002373637357769292,3.2258901156727745e-22,2.1738330816796187e-22,1.1742850537081543e-22,9.995480279714643e-23,1.9775823765397382e-34,1.8192929100482317e-34,9.090779259897257e-34,7.99880176636984e-35,1.2608261349401106e-34
604.5976085133711,2.5828899353302233e-22,5.951667403943279e-26,0.00023042667527303505,3.1798371678094075e-22,2.206752981489948e-22,1.1914149147782204e-22,1.0153380667117276e-22,2.055052915221156e-34,1.7933206051865174e-34,8.960998899041378e-34,8.123296499822264e-35,1.279999648757134e-34
622.760905114441,2.682818359141006e-22,5.998102904069723e-26,0.00022357469277160515,3.133369582990878e-22,2.2392824541628897e-22,1.2082804686348952e-22,1.0310019855279945e-22,2.1345600579208116e-34,1.767114459107117e-34,8.830050062850873e-34,8.24662959120848e-35,1.2989532489913708e-34
641.4698627283449,2.7856587351684707e-22,6.039172420705995e-26,0.00021679512800554007,3.086223824131347e-22,2.2713671332169014e-22,1.224850590531919e-22,1.0465165426849822e-22,2.2163840689507907e-34,1.7405258458077138e-34,8.69719008577042e-34,8.368610038529624e-35,1.3176556179443415e-34
660.7408740808895,2.8918671631341573e-22,6.075033224345793e-26,0.0002100730386855589,3.038123171183793e-22,2.30295040614473e-22,1.2410930019234747e-22,1.0618574042212556e-22,2.3008878399115284e-34,1.713398704541799e-34,8.5616391517573e-34,8.489038269066016e-35,1.3360741279407652e-34
680.5908243674785,3.0020216577657154e-22,6.105858152215631e-26,0.00020339154237681206,2.988778823350276e-22,2.3339734173494346e-22,1.256974284568393e-22,1.0769991327810417e-22,2.3885312629706513e-34,1.6855701614279706e-34,8.422583400385389e-34,8.607706085724169e-35,1.3541748414996316e-34
701.0371060478661,3.116843217079207e-22,6.131833853777975e-26,0.00019673218788091994,2.937891487701548e-22,2.36437508127623e-22,1.2724599010145841e-22,1.0919151802616457e-22,2.4798879936504125e-34,1.6568714253776676e-34,8.279179403684031e-34,8.724396646407542e-35,1.3719225173120963e-34
722.0976340853691,3.237220728582405e-22,6.15315908592966e-26,0.0001900753640801058,2.8851535440795507e-22,2.394092106772417e-22,1.2875142220297883e-22,1.106577884742629e-22,2.5756652672221133e-34,1.627129009026944e-34,8.13056026698151e-34,8.838884480165605e-35,1.3892806226238704e-34
743.7908616438988,3.364240821332217e-22,6.17004306973701e-26,0.00018340075510092985,2.8302518807327598e-22,2.423059033751526e-22,1.302100561561843e-22,1.1209584721896828e-22,2.6767276502244263e-34,1.596166327938893e-34,7.975843619919656e-34,8.950935544071298e-35,1.4062113526460323e-34
766.1357962565614,3.499224131291503e-22,6.182703918754561e-26,0.00017668785098577357,2.772871496669609e-22,2.451208283277545e-22,1.3161812198253026e-22,1.1350270634522425e-22,2.7841258946651313e-34,1.563805732209127e-34,7.81414176813248e-34,9.060307324963436e-35,1.4226756576422043e-34
789.1520164799946,3.643769923774412e-22,6.191367147271166e-26,0.00016991652263427808,2.7126999639324145e-22,2.4784702222198885e-22,1.329717535121371e-22,1.1487526870985178e-22,2.8991324414644155e-34,1.5298710230373353e-34,7.644574268239685e-34,9.166748990363208e-35,1.438633278361247e-34
812.8596890490319,3.7998116531932714e-22,6.196264265227311e-26,0.00016306766836772337,2.649432834382047e-22,2.5047732436586603e-22,1.3426699450038748e-22,1.1621032986547857e-22,3.0232856260628052e-34,1.4941905019709564e-34,7.466283164536122e-34,9.270001593031017e-35,1.4540427905026238e-34
837.2795865467318,3.9696868984325694e-22,6.197631465064279e-26,0.0001561239368150524,2.58278005942198e-22,2.5300438642410846e-22,1.3549980574041884e-22,1.1750458068368962e-22,3.158445321866218e-34,1.456600591412394e-34,7.278451080213805e-34,9.369798333766619e-35,1.4688616589153152e-34
862.4331056052398,4.1562262804100117e-22,6.195708404405387e-26,0.00014907052663634522,2.512473465502501e-22,2.5542068397028805e-22,1.3666607323227305e-22,1.1875461073801498e-22,3.3068636866957216e-34,1.4169500505505354e-34,7.080322283844706e-34,9.465864887166176e-35,1.4830463022401553e-34
888.3422856534494,4.362867574635179e-22,6.190737087237553e-26,0.00014189605761195305,2.4382752913106498e-22,2.577185299770619e-22,1.3776161746819946e-22,1.1995691250886243e-22,3.471275955408291e-34,1.3751047900471083e-34,6.871226747766644e-34,9.557919795129637e-35,1.4965521687084725e-34
915.0298282278741,4.593803462404082e-22,6.182960845159192e-26,0.0001345934996079143,2.3599877424527254e-22,2.5989009036517915e-22,1.3878220389161183e-22,1.211078864735673e-22,3.655017996792642e-34,1.3309532605544267e-34,6.6506070738329e-34,9.645674932954415e-35,1.5093338238063443e-34
942.5191168636583,4.854174494203035e-22,6.172623419288844e-26,0.00012716113577417398,2.2774634547077825e-22,2.619274017296464e-22,1.3972355458428732e-22,1.222038471453591e-22,3.862179843148734e-34,1.2844123536364476e-34,6.418047979577124e-34,9.728836052853744e-35,1.5213450505025777e-34
970.8342375831505,5.150323275837122e-22,6.159968142586197e-26,0.00011960352414159808,2.1906166767580894e-22,2.638223913575633e-22,1.4058136123255323e-22,1.2324103012501006e-22,4.097807931171972e-34,1.2354337084504948e-34,6.173307811913565e-34,9.807103409685334e-35,1.5325389627181734e-34
1000.0,5.490132244017149e-22,6.145237221618561e-26,0.00011193240797278263,2.0994348879380884e-22,2.65566899646599e-22,1.413512994182496e-22,1.242156002283494e-22,4.368173850030755e-34,1.1840102637647025e-34,5.916351286749248e-34,9.880172473573432e-35,1.5428681326853135e-34
